INSERT INTO despesa_tipos (id, descricao, data_cadastro, data_alteracao) VALUES
(1, 'Revisão', NOW(), NOW()),
(2, 'Reparo', NOW(), NOW()),
(3, 'Pintura', NOW(), NOW()),
(4, 'Lavagem', NOW(), NOW()),
(5, 'Documentação', NOW(), NOW()),
(6, 'Despachante', NOW(), NOW());

INSERT INTO veiculo_filiais (id, descricao, data_cadastro, data_alteracao) VALUES
(1, 'Matriz', NOW(), NOW()),
(2, 'Filial', NOW(), NOW());

INSERT INTO veiculo_localizacoes (id, descricao, data_cadastro, data_alteracao) VALUES
(1, 'Pátio', NOW(), NOW()),
(2, 'Cliente', NOW(), NOW());

INSERT INTO veiculo_cores (id, descricao, data_cadastro, data_alteracao) VALUES
(1, 'Amarelo', NOW(), NOW()),
(2, 'Azul', NOW(), NOW()),
(3, 'Bege', NOW(), NOW()),
(4, 'Bordô', NOW(), NOW()),
(5, 'Branco', NOW(), NOW()),
(6, 'Bronze', NOW(), NOW()),
(7, 'Café', NOW(), NOW()),
(8, 'Cinza', NOW(), NOW()),
(9, 'Cohiba', NOW(), NOW()),
(10, 'Dourado', NOW(), NOW()),
(11, 'Fantasia', NOW(), NOW()),
(12, 'Grafite', NOW(), NOW()),
(13, 'Grená', NOW(), NOW()),
(14, 'Laranja', NOW(), NOW()),
(15, 'Marfin', NOW(), NOW()),
(16, 'Marron', NOW(), NOW()),
(17, 'Oyster', NOW(), NOW()),
(18, 'Prata', NOW(), NOW()),
(19, 'Preto', NOW(), NOW()),
(20, 'Rosa', NOW(), NOW()),
(21, 'Roxo', NOW(), NOW()),
(22, 'Silverstone', NOW(), NOW()),
(23, 'Terracota', NOW(), NOW()),
(24, 'Várias', NOW(), NOW()),
(25, 'Verde', NOW(), NOW()),
(26, 'Vermelho', NOW(), NOW()),
(27, 'Vinho', NOW(), NOW());

INSERT INTO veiculo_marcas (id, descricao, data_cadastro, data_alteracao) VALUES
(1, 'Volkswagen', NOW(), NOW()),
(2, 'Chevrolet', NOW(), NOW()),
(3, 'Ford', NOW(), NOW()),
(4, 'Fiat', NOW(), NOW()),
(5, 'Toyota', NOW(), NOW()),
(6, 'Hyundai', NOW(), NOW()),
(7, 'Honda', NOW(), NOW()),
(8, 'Nissan', NOW(), NOW()),
(9, 'Renault', NOW(), NOW()),
(10, 'Peugeot', NOW(), NOW()),
(11, 'Citroën', NOW(), NOW()),
(12, 'BMW', NOW(), NOW()),
(13, 'Mercedes-Benz', NOW(), NOW()),
(14, 'Audi', NOW(), NOW()),
(15, 'Jeep', NOW(), NOW()),
(16, 'Mitsubishi', NOW(), NOW()),
(17, 'Suzuki', NOW(), NOW()),
(18, 'Kia', NOW(), NOW()),
(19, 'Volvo', NOW(), NOW()),
(20, 'Land Rover', NOW(), NOW()),
(21, 'Porsche', NOW(), NOW()),
(22, 'Ferrari', NOW(), NOW()),
(23, 'Lamborghini', NOW(), NOW()),
(24, 'Maserati', NOW(), NOW()),
(25, 'Jaguar', NOW(), NOW()),
(26, 'Subaru', NOW(), NOW()),
(27, 'Mazda', NOW(), NOW()),
(28, 'Lexus', NOW(), NOW()),
(29, 'Infiniti', NOW(), NOW()),
(30, 'Acura', NOW(), NOW()),
(31, 'Cadillac', NOW(), NOW()),
(32, 'Buick', NOW(), NOW()),
(33, 'Dodge', NOW(), NOW()),
(34, 'Chrysler', NOW(), NOW()),
(36, 'Ram', NOW(), NOW()),
(37, 'Lincoln', NOW(), NOW()),
(38, 'Tesla', NOW(), NOW()),
(39, 'Chery', NOW(), NOW()),
(40, 'Geely', NOW(), NOW()),
(41, 'BYD', NOW(), NOW()),
(42, 'Great Wall', NOW(), NOW()),
(43, 'JAC', NOW(), NOW()),
(44, 'Lifan', NOW(), NOW()),
(46, 'Yamaha', NOW(), NOW()),
(47, 'Kawasaki', NOW(), NOW()),
(48, 'Ducati', NOW(), NOW()),
(49, 'Harley-Davidson', NOW(), NOW()),
(50, 'BMW Motorrad', NOW(), NOW()),
(51, 'KTM', NOW(), NOW()),
(52, 'Aprilia', NOW(), NOW()),
(53, 'Triumph', NOW(), NOW()),
(54, 'Indian', NOW(), NOW()),
(55, 'Moto Guzzi', NOW(), NOW()),
(56, 'Benelli', NOW(), NOW()),
(57, 'Royal Enfield', NOW(), NOW()),
(58, 'Can-Am', NOW(), NOW()),
(59, 'Polaris', NOW(), NOW()),
(60, 'Shineray', NOW(), NOW()),
(61, 'Traxx', NOW(), NOW()),
(62, 'Dafra', NOW(), NOW()),
(63, 'Kasinski', NOW(), NOW()),
(64, 'Sundown', NOW(), NOW()),
(65, 'Haojue', NOW(), NOW()),
(66, 'Jonny', NOW(), NOW()),
(67, 'Foton', NOW(), NOW()),
(68, 'Iveco', NOW(), NOW()),
(69, 'Scania', NOW(), NOW()),
(70, 'Volvo Trucks', NOW(), NOW()),
(71, 'Mercedes-Benz Trucks', NOW(), NOW()),
(72, 'MAN', NOW(), NOW()),
(73, 'DAF', NOW(), NOW()),
(74, 'Freightliner', NOW(), NOW()),
(75, 'Kenworth', NOW(), NOW()),
(76, 'Peterbilt', NOW(), NOW()),
(77, 'Mack', NOW(), NOW()),
(78, 'International', NOW(), NOW()),
(79, 'Isuzu', NOW(), NOW()),
(80, 'Hino', NOW(), NOW()),
(81, 'Agrale', NOW(), NOW()),
(82, 'Troller', NOW(), NOW()),
(83, 'Gurgel', NOW(), NOW()),
(84, 'Emis', NOW(), NOW()),
(85, 'Effa', NOW(), NOW()),
(86, 'Rely', NOW(), NOW()),
(87, 'Tata', NOW(), NOW()),
(88, 'Mahindra', NOW(), NOW()),
(89, 'SsangYong', NOW(), NOW()),
(90, 'Alfa Romeo', NOW(), NOW()),
(91, 'Lancia', NOW(), NOW()),
(92, 'Saab', NOW(), NOW()),
(93, 'Smart', NOW(), NOW()),
(94, 'Mini', NOW(), NOW()),
(95, 'Rolls-Royce', NOW(), NOW()),
(96, 'Bentley', NOW(), NOW()),
(97, 'Aston Martin', NOW(), NOW()),
(98, 'McLaren', NOW(), NOW()),
(99, 'Koenigsegg', NOW(), NOW()),
(100, 'Pagani', NOW(), NOW());

INSERT INTO veiculo_marca_modelos (id, veiculo_marca_id, descricao, data_cadastro, data_alteracao) VALUES
-- VOLKSWAGEN (marca_id = 1)
(1, 1, 'Gol', NOW(), NOW()),
(2, 1, 'Polo', NOW(), NOW()),
(3, 1, 'Virtus', NOW(), NOW()),
(4, 1, 'T-Cross', NOW(), NOW()),
(5, 1, 'Tiguan', NOW(), NOW()),
(6, 1, 'Passat', NOW(), NOW()),
(7, 1, 'Jetta', NOW(), NOW()),
(8, 1, 'Golf', NOW(), NOW()),
(9, 1, 'Amarok', NOW(), NOW()),
(10, 1, 'Saveiro', NOW(), NOW()),
(11, 1, 'Voyage', NOW(), NOW()),
(12, 1, 'Fox', NOW(), NOW()),
(13, 1, 'Up!', NOW(), NOW()),
(14, 1, 'Arteon', NOW(), NOW()),
(15, 1, 'Atlas', NOW(), NOW()),
(16, 1, 'Touareg', NOW(), NOW()),
-- CHEVROLET (marca_id = 2)
(17, 2, 'Onix', NOW(), NOW()),
(18, 2, 'Tracker', NOW(), NOW()),
(19, 2, 'S10', NOW(), NOW()),
(20, 2, 'Equinox', NOW(), NOW()),
(21, 2, 'Cruze', NOW(), NOW()),
(22, 2, 'Spin', NOW(), NOW()),
(23, 2, 'Prisma', NOW(), NOW()),
(24, 2, 'Cobalt', NOW(), NOW()),
(25, 2, 'Montana', NOW(), NOW()),
(26, 2, 'Trailblazer', NOW(), NOW()),
(27, 2, 'Camaro', NOW(), NOW()),
(28, 2, 'Corvette', NOW(), NOW()),
(29, 2, 'Silverado', NOW(), NOW()),
(30, 2, 'Tahoe', NOW(), NOW()),
(31, 2, 'Suburban', NOW(), NOW()),
(32, 2, 'Malibu', NOW(), NOW()),
-- FORD (marca_id = 3)
(33, 3, 'Ka', NOW(), NOW()),
(34, 3, 'Fiesta', NOW(), NOW()),
(35, 3, 'Focus', NOW(), NOW()),
(36, 3, 'EcoSport', NOW(), NOW()),
(37, 3, 'Territory', NOW(), NOW()),
(38, 3, 'Ranger', NOW(), NOW()),
(39, 3, 'Edge', NOW(), NOW()),
(40, 3, 'Mustang', NOW(), NOW()),
(41, 3, 'F-150', NOW(), NOW()),
(42, 3, 'Fusion', NOW(), NOW()),
(43, 3, 'Explorer', NOW(), NOW()),
(44, 3, 'Escape', NOW(), NOW()),
(45, 3, 'Bronco', NOW(), NOW()),
(46, 3, 'Transit', NOW(), NOW()),
(47, 3, 'Courier', NOW(), NOW()),
(48, 3, 'F-250', NOW(), NOW()),
-- FIAT (marca_id = 4)
(49, 4, 'Argo', NOW(), NOW()),
(50, 4, 'Mobi', NOW(), NOW()),
(51, 4, 'Cronos', NOW(), NOW()),
(52, 4, 'Pulse', NOW(), NOW()),
(53, 4, 'Fastback', NOW(), NOW()),
(54, 4, 'Toro', NOW(), NOW()),
(55, 4, 'Strada', NOW(), NOW()),
(56, 4, 'Uno', NOW(), NOW()),
(57, 4, 'Palio', NOW(), NOW()),
(58, 4, 'Siena', NOW(), NOW()),
(59, 4, 'Punto', NOW(), NOW()),
(60, 4, 'Linea', NOW(), NOW()),
(61, 4, 'Bravo', NOW(), NOW()),
(62, 4, 'Doblo', NOW(), NOW()),
(63, 4, 'Ducato', NOW(), NOW()),
(64, 4, '500', NOW(), NOW()),
-- TOYOTA (marca_id = 5)
(65, 5, 'Corolla', NOW(), NOW()),
(66, 5, 'Yaris', NOW(), NOW()),
(67, 5, 'Hilux', NOW(), NOW()),
(68, 5, 'SW4', NOW(), NOW()),
(69, 5, 'RAV4', NOW(), NOW()),
(70, 5, 'Camry', NOW(), NOW()),
(71, 5, 'Prius', NOW(), NOW()),
(72, 5, 'Etios', NOW(), NOW()),
(73, 5, 'Corolla Cross', NOW(), NOW()),
(74, 5, 'Highlander', NOW(), NOW()),
(75, 5, 'Prado', NOW(), NOW()),
(76, 5, 'Supra', NOW(), NOW()),
(77, 5, 'Avalon', NOW(), NOW()),
(78, 5, 'Sienna', NOW(), NOW()),
(79, 5, 'Tundra', NOW(), NOW()),
(80, 5, 'Tacoma', NOW(), NOW()),
-- HYUNDAI (marca_id = 6)
(81, 6, 'HB20', NOW(), NOW()),
(82, 6, 'Creta', NOW(), NOW()),
(83, 6, 'Tucson', NOW(), NOW()),
(84, 6, 'Santa Fe', NOW(), NOW()),
(85, 6, 'Elantra', NOW(), NOW()),
(86, 6, 'Azera', NOW(), NOW()),
(87, 6, 'ix35', NOW(), NOW()),
(88, 6, 'i30', NOW(), NOW()),
(89, 6, 'Veloster', NOW(), NOW()),
(90, 6, 'Genesis', NOW(), NOW()),
(91, 6, 'Sonata', NOW(), NOW()),
(92, 6, 'Accent', NOW(), NOW()),
(93, 6, 'Kona', NOW(), NOW()),
(94, 6, 'Palisade', NOW(), NOW()),
(95, 6, 'Ioniq', NOW(), NOW()),
(96, 6, 'HR', NOW(), NOW()),
-- HONDA (marca_id = 7)
(97, 7, 'Civic', NOW(), NOW()),
(98, 7, 'City', NOW(), NOW()),
(99, 7, 'Fit', NOW(), NOW()),
(100, 7, 'HR-V', NOW(), NOW()),
(101, 7, 'CR-V', NOW(), NOW()),
(102, 7, 'Accord', NOW(), NOW()),
(103, 7, 'Pilot', NOW(), NOW()),
(104, 7, 'Ridgeline', NOW(), NOW()),
(105, 7, 'Odyssey', NOW(), NOW()),
(106, 7, 'Insight', NOW(), NOW()),
(107, 7, 'Passport', NOW(), NOW()),
(108, 7, 'CR-Z', NOW(), NOW()),
(109, 7, 'S2000', NOW(), NOW()),
(110, 7, 'NSX', NOW(), NOW()),
(111, 7, 'Element', NOW(), NOW()),
(112, 7, 'WR-V', NOW(), NOW()),
-- NISSAN (marca_id = 8)
(113, 8, 'Versa', NOW(), NOW()),
(114, 8, 'Sentra', NOW(), NOW()),
(115, 8, 'March', NOW(), NOW()),
(116, 8, 'Kicks', NOW(), NOW()),
(117, 8, 'X-Trail', NOW(), NOW()),
(118, 8, 'Frontier', NOW(), NOW()),
(119, 8, 'Altima', NOW(), NOW()),
(120, 8, 'Maxima', NOW(), NOW()),
(121, 8, 'Pathfinder', NOW(), NOW()),
(122, 8, 'Armada', NOW(), NOW()),
(123, 8, 'Titan', NOW(), NOW()),
(124, 8, '370Z', NOW(), NOW()),
(125, 8, 'GT-R', NOW(), NOW()),
(126, 8, 'Murano', NOW(), NOW()),
(127, 8, 'Rogue', NOW(), NOW()),
(128, 8, 'Leaf', NOW(), NOW()),
-- RENAULT (marca_id = 9)
(129, 9, 'Kwid', NOW(), NOW()),
(130, 9, 'Sandero', NOW(), NOW()),
(131, 9, 'Logan', NOW(), NOW()),
(132, 9, 'Duster', NOW(), NOW()),
(133, 9, 'Captur', NOW(), NOW()),
(134, 9, 'Oroch', NOW(), NOW()),
(135, 9, 'Fluence', NOW(), NOW()),
(136, 9, 'Clio', NOW(), NOW()),
(137, 9, 'Megane', NOW(), NOW()),
(138, 9, 'Scenic', NOW(), NOW()),
(139, 9, 'Koleos', NOW(), NOW()),
(140, 9, 'Master', NOW(), NOW()),
(141, 9, 'Kangoo', NOW(), NOW()),
(142, 9, 'Trafic', NOW(), NOW()),
(143, 9, 'Talisman', NOW(), NOW()),
(144, 9, 'Kadjar', NOW(), NOW()),
-- PEUGEOT (marca_id = 10)
(145, 10, '208', NOW(), NOW()),
(146, 10, '2008', NOW(), NOW()),
(147, 10, '308', NOW(), NOW()),
(148, 10, '3008', NOW(), NOW()),
(149, 10, '408', NOW(), NOW()),
(150, 10, '508', NOW(), NOW()),
(151, 10, '5008', NOW(), NOW()),
(152, 10, 'Partner', NOW(), NOW()),
(153, 10, 'Expert', NOW(), NOW()),
(154, 10, 'Boxer', NOW(), NOW()),
(155, 10, '206', NOW(), NOW()),
(156, 10, '207', NOW(), NOW()),
(157, 10, '307', NOW(), NOW()),
(158, 10, '407', NOW(), NOW()),
(159, 10, 'Rifter', NOW(), NOW()),
(160, 10, 'Traveller', NOW(), NOW()),
-- CITROËN (marca_id = 11)
(161, 11, 'C3', NOW(), NOW()),
(162, 11, 'C4 Cactus', NOW(), NOW()),
(163, 11, 'C4 Lounge', NOW(), NOW()),
(164, 11, 'Aircross', NOW(), NOW()),
(165, 11, 'Berlingo', NOW(), NOW()),
(166, 11, 'Jumper', NOW(), NOW()),
(167, 11, 'C1', NOW(), NOW()),
(168, 11, 'C4', NOW(), NOW()),
(169, 11, 'C5', NOW(), NOW()),
(170, 11, 'DS3', NOW(), NOW()),
(171, 11, 'DS4', NOW(), NOW()),
(172, 11, 'DS5', NOW(), NOW()),
(173, 11, 'Picasso', NOW(), NOW()),
(174, 11, 'SpaceTourer', NOW(), NOW()),
(175, 11, 'Jumpy', NOW(), NOW()),
(176, 11, 'C-Elysee', NOW(), NOW()),
-- BMW (marca_id = 12)
(177, 12, 'Série 1', NOW(), NOW()),
(178, 12, 'Série 2', NOW(), NOW()),
(179, 12, 'Série 3', NOW(), NOW()),
(180, 12, 'Série 4', NOW(), NOW()),
(181, 12, 'Série 5', NOW(), NOW()),
(182, 12, 'Série 6', NOW(), NOW()),
(183, 12, 'Série 7', NOW(), NOW()),
(184, 12, 'Série 8', NOW(), NOW()),
(185, 12, 'X1', NOW(), NOW()),
(186, 12, 'X2', NOW(), NOW()),
(187, 12, 'X3', NOW(), NOW()),
(188, 12, 'X4', NOW(), NOW()),
(189, 12, 'X5', NOW(), NOW()),
(190, 12, 'X6', NOW(), NOW()),
(191, 12, 'X7', NOW(), NOW()),
(192, 12, 'Z4', NOW(), NOW()),
-- MERCEDES-BENZ (marca_id = 13)
(193, 13, 'Classe A', NOW(), NOW()),
(194, 13, 'Classe B', NOW(), NOW()),
(195, 13, 'Classe C', NOW(), NOW()),
(196, 13, 'Classe E', NOW(), NOW()),
(197, 13, 'Classe S', NOW(), NOW()),
(198, 13, 'CLA', NOW(), NOW()),
(199, 13, 'CLS', NOW(), NOW()),
(200, 13, 'GLA', NOW(), NOW()),
(201, 13, 'GLB', NOW(), NOW()),
(202, 13, 'GLC', NOW(), NOW()),
(203, 13, 'GLE', NOW(), NOW()),
(204, 13, 'GLS', NOW(), NOW()),
(205, 13, 'G-Class', NOW(), NOW()),
(206, 13, 'SLK', NOW(), NOW()),
(207, 13, 'SL', NOW(), NOW()),
(208, 13, 'AMG GT', NOW(), NOW()),
-- AUDI (marca_id = 14)
(209, 14, 'A1', NOW(), NOW()),
(210, 14, 'A3', NOW(), NOW()),
(211, 14, 'A4', NOW(), NOW()),
(212, 14, 'A5', NOW(), NOW()),
(213, 14, 'A6', NOW(), NOW()),
(214, 14, 'A7', NOW(), NOW()),
(215, 14, 'A8', NOW(), NOW()),
(216, 14, 'Q2', NOW(), NOW()),
(217, 14, 'Q3', NOW(), NOW()),
(218, 14, 'Q5', NOW(), NOW()),
(219, 14, 'Q7', NOW(), NOW()),
(220, 14, 'Q8', NOW(), NOW()),
(221, 14, 'TT', NOW(), NOW()),
(222, 14, 'R8', NOW(), NOW()),
(223, 14, 'e-tron', NOW(), NOW()),
(224, 14, 'RS3', NOW(), NOW()),
-- JEEP (marca_id = 15)
(225, 15, 'Renegade', NOW(), NOW()),
(226, 15, 'Compass', NOW(), NOW()),
(227, 15, 'Cherokee', NOW(), NOW()),
(228, 15, 'Grand Cherokee', NOW(), NOW()),
(229, 15, 'Wrangler', NOW(), NOW()),
(230, 15, 'Gladiator', NOW(), NOW()),
(231, 15, 'Commander', NOW(), NOW()),
(232, 15, 'Patriot', NOW(), NOW()),
(233, 15, 'Liberty', NOW(), NOW()),
(234, 15, 'Wagoneer', NOW(), NOW()),
(235, 15, 'Grand Wagoneer', NOW(), NOW()),
(236, 15, 'Avenger', NOW(), NOW()),
(237, 15, 'CJ', NOW(), NOW()),
(238, 15, 'Scrambler', NOW(), NOW()),
(239, 15, 'Comanche', NOW(), NOW()),
(240, 15, 'Grand Commander', NOW(), NOW()),
-- MITSUBISHI (marca_id = 16)
(241, 16, 'Lancer', NOW(), NOW()),
(242, 16, 'ASX', NOW(), NOW()),
(243, 16, 'Outlander', NOW(), NOW()),
(244, 16, 'Pajero', NOW(), NOW()),
(245, 16, 'L200', NOW(), NOW()),
(246, 16, 'Eclipse Cross', NOW(), NOW()),
(247, 16, 'Mirage', NOW(), NOW()),
(248, 16, 'Galant', NOW(), NOW()),
(249, 16, 'Montero', NOW(), NOW()),
(250, 16, 'Endeavor', NOW(), NOW()),
(251, 16, 'Raider', NOW(), NOW()),
(252, 16, '3000GT', NOW(), NOW()),
(253, 16, 'FTO', NOW(), NOW()),
(254, 16, 'Starion', NOW(), NOW()),
(255, 16, 'Colt', NOW(), NOW()),
(256, 16, 'Space Star', NOW(), NOW()),
-- SUZUKI (marca_id = 17)
(257, 17, 'Swift', NOW(), NOW()),
(258, 17, 'Vitara', NOW(), NOW()),
(259, 17, 'S-Cross', NOW(), NOW()),
(260, 17, 'Jimny', NOW(), NOW()),
(261, 17, 'Grand Vitara', NOW(), NOW()),
(262, 17, 'Baleno', NOW(), NOW()),
(263, 17, 'Celerio', NOW(), NOW()),
(264, 17, 'Alto', NOW(), NOW()),
(265, 17, 'Wagon R', NOW(), NOW()),
(266, 17, 'SX4', NOW(), NOW()),
(267, 17, 'Kizashi', NOW(), NOW()),
(268, 17, 'XL7', NOW(), NOW()),
(269, 17, 'Aerio', NOW(), NOW()),
(270, 17, 'Forenza', NOW(), NOW()),
(271, 17, 'Reno', NOW(), NOW()),
(272, 17, 'Samurai', NOW(), NOW()),
-- KIA (marca_id = 18)
(273, 18, 'Picanto', NOW(), NOW()),
(274, 18, 'Rio', NOW(), NOW()),
(275, 18, 'Cerato', NOW(), NOW()),
(276, 18, 'Stinger', NOW(), NOW()),
(277, 18, 'Sportage', NOW(), NOW()),
(278, 18, 'Sorento', NOW(), NOW()),
(279, 18, 'Soul', NOW(), NOW()),
(280, 18, 'Carnival', NOW(), NOW()),
(281, 18, 'Optima', NOW(), NOW()),
(282, 18, 'Forte', NOW(), NOW()),
(283, 18, 'Niro', NOW(), NOW()),
(284, 18, 'Telluride', NOW(), NOW()),
(285, 18, 'Seltos', NOW(), NOW()),
(286, 18, 'Cadenza', NOW(), NOW()),
(287, 18, 'K900', NOW(), NOW()),
(288, 18, 'EV6', NOW(), NOW()),
-- VOLVO (marca_id = 19)
(289, 19, 'XC40', NOW(), NOW()),
(290, 19, 'XC60', NOW(), NOW()),
(291, 19, 'XC90', NOW(), NOW()),
(292, 19, 'S60', NOW(), NOW()),
(293, 19, 'S90', NOW(), NOW()),
(294, 19, 'V40', NOW(), NOW()),
(295, 19, 'V60', NOW(), NOW()),
(296, 19, 'V90', NOW(), NOW()),
(297, 19, 'C30', NOW(), NOW()),
(298, 19, 'C40', NOW(), NOW()),
(299, 19, 'C70', NOW(), NOW()),
(300, 19, 'S40', NOW(), NOW()),
(301, 19, 'S80', NOW(), NOW()),
(302, 19, 'XC70', NOW(), NOW()),
(303, 19, 'V70', NOW(), NOW()),
(304, 19, 'Polestar', NOW(), NOW()),
-- LAND ROVER (marca_id = 20)
(305, 20, 'Discovery Sport', NOW(), NOW()),
(306, 20, 'Discovery', NOW(), NOW()),
(307, 20, 'Range Rover Evoque', NOW(), NOW()),
(308, 20, 'Range Rover Velar', NOW(), NOW()),
(309, 20, 'Range Rover Sport', NOW(), NOW()),
(310, 20, 'Range Rover', NOW(), NOW()),
(311, 20, 'Defender', NOW(), NOW()),
(312, 20, 'Freelander', NOW(), NOW()),
(313, 20, 'LR2', NOW(), NOW()),
(314, 20, 'LR3', NOW(), NOW()),
(315, 20, 'LR4', NOW(), NOW()),
(316, 20, 'Series', NOW(), NOW()),
(317, 20, 'Forward Control', NOW(), NOW()),
(318, 20, 'Lightweight', NOW(), NOW()),
(319, 20, 'Santana', NOW(), NOW()),
(320, 20, 'Perentie', NOW(), NOW()),
-- PORSCHE (marca_id = 21)
(321, 21, '911', NOW(), NOW()),
(322, 21, 'Cayenne', NOW(), NOW()),
(323, 21, 'Macan', NOW(), NOW()),
(324, 21, 'Panamera', NOW(), NOW()),
(325, 21, 'Boxster', NOW(), NOW()),
(326, 21, 'Cayman', NOW(), NOW()),
(327, 21, 'Taycan', NOW(), NOW()),
(328, 21, '918 Spyder', NOW(), NOW()),
(329, 21, 'Carrera GT', NOW(), NOW()),
(330, 21, '959', NOW(), NOW()),
(331, 21, '928', NOW(), NOW()),
(332, 21, '944', NOW(), NOW()),
(333, 21, '968', NOW(), NOW()),
(334, 21, '356', NOW(), NOW()),
(335, 21, '550 Spyder', NOW(), NOW()),
(336, 21, '904', NOW(), NOW()),
-- FERRARI (marca_id = 22)
(337, 22, 'F8 Tributo', NOW(), NOW()),
(338, 22, 'SF90 Stradale', NOW(), NOW()),
(339, 22, '488 GTB', NOW(), NOW()),
(340, 22, '458 Italia', NOW(), NOW()),
(341, 22, '430', NOW(), NOW()),
(342, 22, '360', NOW(), NOW()),
(343, 22, '355', NOW(), NOW()),
(344, 22, '348', NOW(), NOW()),
(345, 22, '328', NOW(), NOW()),
(346, 22, '308', NOW(), NOW()),
(347, 22, 'Testarossa', NOW(), NOW()),
(348, 22, 'F40', NOW(), NOW()),
(349, 22, 'F50', NOW(), NOW()),
(350, 22, 'Enzo', NOW(), NOW()),
(351, 22, 'LaFerrari', NOW(), NOW()),
(352, 22, 'California', NOW(), NOW()),
-- LAMBORGHINI (marca_id = 23)
(353, 23, 'Huracán', NOW(), NOW()),
(354, 23, 'Aventador', NOW(), NOW()),
(355, 23, 'Urus', NOW(), NOW()),
(356, 23, 'Gallardo', NOW(), NOW()),
(357, 23, 'Murciélago', NOW(), NOW()),
(358, 23, 'Diablo', NOW(), NOW()),
(359, 23, 'Countach', NOW(), NOW()),
(360, 23, 'Miura', NOW(), NOW()),
(361, 23, 'Jalpa', NOW(), NOW()),
(362, 23, 'Silhouette', NOW(), NOW()),
(363, 23, 'Espada', NOW(), NOW()),
(364, 23, '400GT', NOW(), NOW()),
(365, 23, '350GT', NOW(), NOW()),
(366, 23, 'Islero', NOW(), NOW()),
(367, 23, 'Jarama', NOW(), NOW()),
(368, 23, 'Reventon', NOW(), NOW()),
-- MASERATI (marca_id = 24)
(369, 24, 'Ghibli', NOW(), NOW()),
(370, 24, 'Quattroporte', NOW(), NOW()),
(371, 24, 'Levante', NOW(), NOW()),
(372, 24, 'GranTurismo', NOW(), NOW()),
(373, 24, 'GranCabrio', NOW(), NOW()),
(374, 24, 'MC20', NOW(), NOW()),
(375, 24, '3200GT', NOW(), NOW()),
(376, 24, 'Coupe', NOW(), NOW()),
(377, 24, 'Spyder', NOW(), NOW()),
(378, 24, 'Biturbo', NOW(), NOW()),
(379, 24, 'Shamal', NOW(), NOW()),
(380, 24, 'Karif', NOW(), NOW()),
(381, 24, 'Bora', NOW(), NOW()),
(382, 24, 'Merak', NOW(), NOW()),
(383, 24, 'Khamsin', NOW(), NOW()),
(384, 24, 'Grecale', NOW(), NOW()),
-- JAGUAR (marca_id = 25)
(385, 25, 'XE', NOW(), NOW()),
(386, 25, 'XF', NOW(), NOW()),
(387, 25, 'XJ', NOW(), NOW()),
(388, 25, 'F-Type', NOW(), NOW()),
(389, 25, 'F-Pace', NOW(), NOW()),
(390, 25, 'E-Pace', NOW(), NOW()),
(391, 25, 'I-Pace', NOW(), NOW()),
(392, 25, 'XK', NOW(), NOW()),
(393, 25, 'XKR', NOW(), NOW()),
(394, 25, 'S-Type', NOW(), NOW()),
(395, 25, 'X-Type', NOW(), NOW()),
(396, 25, 'XJS', NOW(), NOW()),
(397, 25, 'E-Type', NOW(), NOW()),
(398, 25, 'MK2', NOW(), NOW()),
(399, 25, 'XF Sportbrake', NOW(), NOW()),
(400, 25, 'Sovereign', NOW(), NOW()),
-- SUBARU (marca_id = 26)
(401, 26, 'Impreza', NOW(), NOW()),
(402, 26, 'Forester', NOW(), NOW()),
(403, 26, 'Outback', NOW(), NOW()),
(404, 26, 'Legacy', NOW(), NOW()),
(405, 26, 'XV', NOW(), NOW()),
(406, 26, 'WRX', NOW(), NOW()),
(407, 26, 'BRZ', NOW(), NOW()),
(408, 26, 'Ascent', NOW(), NOW()),
(409, 26, 'Tribeca', NOW(), NOW()),
(410, 26, 'Baja', NOW(), NOW()),
(411, 26, 'SVX', NOW(), NOW()),
(412, 26, 'Justy', NOW(), NOW()),
(413, 26, 'Loyale', NOW(), NOW()),
(414, 26, 'XT', NOW(), NOW()),
(415, 26, 'GL', NOW(), NOW()),
(416, 26, 'DL', NOW(), NOW()),
-- MAZDA (marca_id = 27)
(417, 27, 'Mazda2', NOW(), NOW()),
(418, 27, 'Mazda3', NOW(), NOW()),
(419, 27, 'Mazda6', NOW(), NOW()),
(420, 27, 'CX-3', NOW(), NOW()),
(421, 27, 'CX-5', NOW(), NOW()),
(422, 27, 'CX-9', NOW(), NOW()),
(423, 27, 'MX-5', NOW(), NOW()),
(424, 27, 'RX-7', NOW(), NOW()),
(425, 27, 'RX-8', NOW(), NOW()),
(426, 27, 'Tribute', NOW(), NOW()),
(427, 27, 'MPV', NOW(), NOW()),
(428, 27, 'B-Series', NOW(), NOW()),
(429, 27, 'Protégé', NOW(), NOW()),
(430, 27, '626', NOW(), NOW()),
(431, 27, '323', NOW(), NOW()),
(432, 27, 'Millenia', NOW(), NOW()),
-- LEXUS (marca_id = 28)
(433, 28, 'IS', NOW(), NOW()),
(434, 28, 'ES', NOW(), NOW()),
(435, 28, 'GS', NOW(), NOW()),
(436, 28, 'LS', NOW(), NOW()),
(437, 28, 'NX', NOW(), NOW()),
(438, 28, 'RX', NOW(), NOW()),
(439, 28, 'GX', NOW(), NOW()),
(440, 28, 'LX', NOW(), NOW()),
(441, 28, 'LC', NOW(), NOW()),
(442, 28, 'RC', NOW(), NOW()),
(443, 28, 'CT', NOW(), NOW()),
(444, 28, 'SC', NOW(), NOW()),
(445, 28, 'LFA', NOW(), NOW()),
(446, 28, 'UX', NOW(), NOW()),
(447, 28, 'HS', NOW(), NOW()),
(448, 28, 'GS F', NOW(), NOW()),
-- INFINITI (marca_id = 29)
(449, 29, 'Q50', NOW(), NOW()),
(450, 29, 'Q60', NOW(), NOW()),
(451, 29, 'Q70', NOW(), NOW()),
(452, 29, 'QX50', NOW(), NOW()),
(453, 29, 'QX60', NOW(), NOW()),
(454, 29, 'QX70', NOW(), NOW()),
(455, 29, 'QX80', NOW(), NOW()),
(456, 29, 'G35', NOW(), NOW()),
(457, 29, 'G37', NOW(), NOW()),
(458, 29, 'M35', NOW(), NOW()),
(459, 29, 'M37', NOW(), NOW()),
(460, 29, 'EX35', NOW(), NOW()),
(461, 29, 'FX35', NOW(), NOW()),
(462, 29, 'FX45', NOW(), NOW()),
(463, 29, 'FX50', NOW(), NOW()),
(464, 29, 'JX35', NOW(), NOW()),
-- ACURA (marca_id = 30)
(465, 30, 'ILX', NOW(), NOW()),
(466, 30, 'TLX', NOW(), NOW()),
(467, 30, 'RLX', NOW(), NOW()),
(468, 30, 'RDX', NOW(), NOW()),
(469, 30, 'MDX', NOW(), NOW()),
(470, 30, 'NSX', NOW(), NOW()),
(471, 30, 'TSX', NOW(), NOW()),
(472, 30, 'TL', NOW(), NOW()),
(473, 30, 'RL', NOW(), NOW()),
(474, 30, 'RSX', NOW(), NOW()),
(475, 30, 'Integra', NOW(), NOW()),
(476, 30, 'Legend', NOW(), NOW()),
(477, 30, 'Vigor', NOW(), NOW()),
(478, 30, 'CL', NOW(), NOW()),
(479, 30, 'SLX', NOW(), NOW()),
(480, 30, 'ZDX', NOW(), NOW()),
-- CADILLAC (marca_id = 31)
(481, 31, 'ATS', NOW(), NOW()),
(482, 31, 'CTS', NOW(), NOW()),
(483, 31, 'CT6', NOW(), NOW()),
(484, 31, 'XT4', NOW(), NOW()),
(485, 31, 'XT5', NOW(), NOW()),
(486, 31, 'XT6', NOW(), NOW()),
(487, 31, 'Escalade', NOW(), NOW()),
(488, 31, 'DeVille', NOW(), NOW()),
(489, 31, 'Eldorado', NOW(), NOW()),
(490, 31, 'Seville', NOW(), NOW()),
(491, 31, 'STS', NOW(), NOW()),
(492, 31, 'DTS', NOW(), NOW()),
(493, 31, 'XLR', NOW(), NOW()),
(494, 31, 'SRX', NOW(), NOW()),
(495, 31, 'CTS-V', NOW(), NOW()),
(496, 31, 'XTS', NOW(), NOW()),
-- BUICK (marca_id = 32)
(497, 32, 'Encore', NOW(), NOW()),
(498, 32, 'Envision', NOW(), NOW()),
(499, 32, 'Enclave', NOW(), NOW()),
(500, 32, 'Regal', NOW(), NOW()),
(501, 32, 'LaCrosse', NOW(), NOW()),
(502, 32, 'Verano', NOW(), NOW()),
(503, 32, 'Century', NOW(), NOW()),
(504, 32, 'LeSabre', NOW(), NOW()),
(505, 32, 'Park Avenue', NOW(), NOW()),
(506, 32, 'Riviera', NOW(), NOW()),
(507, 32, 'Skylark', NOW(), NOW()),
(508, 32, 'Roadmaster', NOW(), NOW()),
(509, 32, 'Reatta', NOW(), NOW()),
(510, 32, 'Rendezvous', NOW(), NOW()),
(511, 32, 'Rainier', NOW(), NOW()),
(512, 32, 'Lucerne', NOW(), NOW()),
-- DODGE (marca_id = 33)
(513, 33, 'Challenger', NOW(), NOW()),
(514, 33, 'Charger', NOW(), NOW()),
(515, 33, 'Journey', NOW(), NOW()),
(516, 33, 'Durango', NOW(), NOW()),
(517, 33, 'Grand Caravan', NOW(), NOW()),
(518, 33, 'Dart', NOW(), NOW()),
(519, 33, 'Avenger', NOW(), NOW()),
(520, 33, 'Caliber', NOW(), NOW()),
(521, 33, 'Neon', NOW(), NOW()),
(522, 33, 'Stratus', NOW(), NOW()),
(523, 33, 'Intrepid', NOW(), NOW()),
(524, 33, 'Magnum', NOW(), NOW()),
(525, 33, 'Viper', NOW(), NOW()),
(526, 33, 'Ram 1500', NOW(), NOW()),
(527, 33, 'Ram 2500', NOW(), NOW()),
(528, 33, 'Dakota', NOW(), NOW()),
-- CHRYSLER (marca_id = 34)
(529, 34, '300', NOW(), NOW()),
(530, 34, 'Pacifica', NOW(), NOW()),
(531, 34, 'Town & Country', NOW(), NOW()),
(532, 34, 'Sebring', NOW(), NOW()),
(533, 34, 'Concorde', NOW(), NOW()),
(534, 34, 'LHS', NOW(), NOW()),
(535, 34, 'PT Cruiser', NOW(), NOW()),
(536, 34, 'Crossfire', NOW(), NOW()),
(537, 34, 'Aspen', NOW(), NOW()),
(538, 34, '200', NOW(), NOW()),
(539, 34, 'Cirrus', NOW(), NOW()),
(540, 34, 'LeBaron', NOW(), NOW()),
(541, 34, 'Imperial', NOW(), NOW()),
(542, 34, 'New Yorker', NOW(), NOW()),
(543, 34, 'Fifth Avenue', NOW(), NOW()),
(544, 34, 'Voyager', NOW(), NOW()),
-- RAM (marca_id = 36)
(545, 36, '1500', NOW(), NOW()),
(546, 36, '2500', NOW(), NOW()),
(547, 36, '3500', NOW(), NOW()),
(548, 36, '4500', NOW(), NOW()),
(549, 36, '5500', NOW(), NOW()),
(550, 36, 'ProMaster', NOW(), NOW()),
(551, 36, 'ProMaster City', NOW(), NOW()),
(552, 36, 'Dakota', NOW(), NOW()),
(553, 36, 'SRT-10', NOW(), NOW()),
(554, 36, 'Rebel', NOW(), NOW()),
(555, 36, 'Power Wagon', NOW(), NOW()),
(556, 36, 'TRX', NOW(), NOW()),
(557, 36, 'Laramie', NOW(), NOW()),
(558, 36, 'Longhorn', NOW(), NOW()),
(559, 36, 'Limited', NOW(), NOW()),
(560, 36, 'Big Horn', NOW(), NOW()),
-- LINCOLN (marca_id = 37)
(561, 37, 'MKZ', NOW(), NOW()),
(562, 37, 'Continental', NOW(), NOW()),
(563, 37, 'MKC', NOW(), NOW()),
(564, 37, 'Corsair', NOW(), NOW()),
(565, 37, 'MKX', NOW(), NOW()),
(566, 37, 'Nautilus', NOW(), NOW()),
(567, 37, 'Navigator', NOW(), NOW()),
(568, 37, 'Aviator', NOW(), NOW()),
(569, 37, 'MKT', NOW(), NOW()),
(570, 37, 'Town Car', NOW(), NOW()),
(571, 37, 'LS', NOW(), NOW()),
(572, 37, 'Zephyr', NOW(), NOW()),
(573, 37, 'Mark LT', NOW(), NOW()),
(574, 37, 'Blackwood', NOW(), NOW()),
(575, 37, 'Mark VIII', NOW(), NOW()),
(576, 37, 'Mark VII', NOW(), NOW()),
-- TESLA (marca_id = 38)
(577, 38, 'Model S', NOW(), NOW()),
(578, 38, 'Model 3', NOW(), NOW()),
(579, 38, 'Model X', NOW(), NOW()),
(580, 38, 'Model Y', NOW(), NOW()),
(581, 38, 'Cybertruck', NOW(), NOW()),
(582, 38, 'Roadster', NOW(), NOW()),
(583, 38, 'Semi', NOW(), NOW()),
(584, 38, 'Model S Plaid', NOW(), NOW()),
(585, 38, 'Model X Plaid', NOW(), NOW()),
(586, 38, 'Model 3 Performance', NOW(), NOW()),
(587, 38, 'Model Y Performance', NOW(), NOW()),
(588, 38, 'Roadster 2020', NOW(), NOW()),
-- CHERY (marca_id = 39)
(589, 39, 'Tiggo 2', NOW(), NOW()),
(590, 39, 'Tiggo 3X', NOW(), NOW()),
(591, 39, 'Tiggo 5X', NOW(), NOW()),
(592, 39, 'Tiggo 7', NOW(), NOW()),
(593, 39, 'Tiggo 8', NOW(), NOW()),
(594, 39, 'Arrizo 3', NOW(), NOW()),
(595, 39, 'Arrizo 5', NOW(), NOW()),
(596, 39, 'Arrizo 6', NOW(), NOW()),
(597, 39, 'QQ', NOW(), NOW()),
(598, 39, 'Celer', NOW(), NOW()),
(599, 39, 'Face', NOW(), NOW()),
(600, 39, 'S18', NOW(), NOW()),
(601, 39, 'Cielo', NOW(), NOW()),
(602, 39, 'Oriental Son', NOW(), NOW()),
(603, 39, 'Eastar', NOW(), NOW()),
(604, 39, 'A3', NOW(), NOW()),
(692, 39, 'iCar', NOW(), NOW()),
-- GEELY (marca_id = 40)
(605, 40, 'Emgrand X7', NOW(), NOW()),
(606, 40, 'Emgrand GT', NOW(), NOW()),
(607, 40, 'Coolray', NOW(), NOW()),
(608, 40, 'Atlas', NOW(), NOW()),
(609, 40, 'Boyue', NOW(), NOW()),
(610, 40, 'Binyue', NOW(), NOW()),
(611, 40, 'Xingyue', NOW(), NOW()),
(612, 40, 'Jiaji', NOW(), NOW()),
(613, 40, 'Preface', NOW(), NOW()),
(614, 40, 'Geometry A', NOW(), NOW()),
(615, 40, 'Geometry C', NOW(), NOW()),
(616, 40, 'Lynk & Co 01', NOW(), NOW()),
(617, 40, 'Lynk & Co 02', NOW(), NOW()),
(618, 40, 'Lynk & Co 03', NOW(), NOW()),
(619, 40, 'Vision', NOW(), NOW()),
(620, 40, 'Panda', NOW(), NOW()),
-- BYD (marca_id = 41)
(621, 41, 'Tang', NOW(), NOW()),
(622, 41, 'Han', NOW(), NOW()),
(623, 41, 'Song', NOW(), NOW()),
(624, 41, 'Yuan', NOW(), NOW()),
(625, 41, 'Qin', NOW(), NOW()),
(626, 41, 'Dolphin', NOW(), NOW()),
(627, 41, 'Seal', NOW(), NOW()),
(628, 41, 'Atto 3', NOW(), NOW()),
(629, 41, 'King', NOW(), NOW()),
(630, 41, 'F0', NOW(), NOW()),
(631, 41, 'F3', NOW(), NOW()),
(632, 41, 'G3', NOW(), NOW()),
(633, 41, 'G6', NOW(), NOW()),
(634, 41, 'S6', NOW(), NOW()),
(635, 41, 'S7', NOW(), NOW()),
(636, 41, 'e2', NOW(), NOW()),
-- GREAT WALL (marca_id = 42)
(637, 42, 'Haval H1', NOW(), NOW()),
(638, 42, 'Haval H2', NOW(), NOW()),
(639, 42, 'Haval H6', NOW(), NOW()),
(640, 42, 'Haval H9', NOW(), NOW()),
(641, 42, 'Wingle 3', NOW(), NOW()),
(642, 42, 'Wingle 5', NOW(), NOW()),
(643, 42, 'Wingle 7', NOW(), NOW()),
(644, 42, 'Pao', NOW(), NOW()),
(645, 42, 'Cannon', NOW(), NOW()),
(646, 42, 'Ora R1', NOW(), NOW()),
(647, 42, 'WEY VV7', NOW(), NOW()),
(648, 42, 'WEY VV5', NOW(), NOW()),
(649, 42, 'Hover', NOW(), NOW()),
(650, 42, 'Safe', NOW(), NOW()),
(651, 42, 'Florid', NOW(), NOW()),
(652, 42, 'Voleex C10', NOW(), NOW()),
-- JAC (marca_id = 43)
(653, 43, 'T40', NOW(), NOW()),
(654, 43, 'T50', NOW(), NOW()),
(655, 43, 'T60', NOW(), NOW()),
(656, 43, 'T80', NOW(), NOW()),
(657, 43, 'iEV40', NOW(), NOW()),
(658, 43, 'iEV60', NOW(), NOW()),
(659, 43, 'J2', NOW(), NOW()),
(660, 43, 'J3', NOW(), NOW()),
(661, 43, 'J5', NOW(), NOW()),
(662, 43, 'J6', NOW(), NOW()),
(663, 43, 'S2', NOW(), NOW()),
(664, 43, 'S3', NOW(), NOW()),
(665, 43, 'S5', NOW(), NOW()),
(666, 43, 'Refine', NOW(), NOW()),
(667, 43, 'Sunray', NOW(), NOW()),
(668, 43, 'Rein', NOW(), NOW()),
-- LIFAN (marca_id = 44)
(669, 44, 'X60', NOW(), NOW()),
(670, 44, 'X80', NOW(), NOW()),
(671, 44, '320', NOW(), NOW()),
(672, 44, '330', NOW(), NOW()),
(673, 44, '520', NOW(), NOW()),
(674, 44, '530', NOW(), NOW()),
(675, 44, '620', NOW(), NOW()),
(676, 44, '630', NOW(), NOW()),
(677, 44, '720', NOW(), NOW()),
(678, 44, 'Solano', NOW(), NOW()),
(679, 44, 'Smily', NOW(), NOW()),
(680, 44, 'Foison', NOW(), NOW()),
(681, 44, 'Murman', NOW(), NOW()),
(682, 44, 'MyWay', NOW(), NOW()),
(683, 44, 'KP', NOW(), NOW()),
(684, 44, 'KPV', NOW(), NOW()),
-- YAMAHA (marca_id = 46)
(697, 46, 'YZF-R1', NOW(), NOW()),
(698, 46, 'YZF-R6', NOW(), NOW()),
(699, 46, 'YZF-R3', NOW(), NOW()),
(700, 46, 'MT-07', NOW(), NOW()),
(701, 46, 'MT-09', NOW(), NOW()),
(702, 46, 'MT-03', NOW(), NOW()),
(703, 46, 'XTZ 250', NOW(), NOW()),
(704, 46, 'XTZ 150', NOW(), NOW()),
(705, 46, 'Fazer 250', NOW(), NOW()),
(706, 46, 'Fazer 150', NOW(), NOW()),
(707, 46, 'Factor 150', NOW(), NOW()),
(708, 46, 'Factor 125', NOW(), NOW()),
(709, 46, 'Crosser 150', NOW(), NOW()),
(710, 46, 'Lander 250', NOW(), NOW()),
(711, 46, 'Tenere 250', NOW(), NOW()),
(712, 46, 'Neo 125', NOW(), NOW()),
-- KAWASAKI (marca_id = 47)
(713, 47, 'Ninja ZX-10R', NOW(), NOW()),
(714, 47, 'Ninja ZX-6R', NOW(), NOW()),
(715, 47, 'Ninja 400', NOW(), NOW()),
(716, 47, 'Ninja 300', NOW(), NOW()),
(717, 47, 'Z900', NOW(), NOW()),
(718, 47, 'Z800', NOW(), NOW()),
(719, 47, 'Z650', NOW(), NOW()),
(720, 47, 'Z400', NOW(), NOW()),
(721, 47, 'Versys 1000', NOW(), NOW()),
(722, 47, 'Versys 650', NOW(), NOW()),
(723, 47, 'Versys 300', NOW(), NOW()),
(724, 47, 'KLX 450R', NOW(), NOW()),
(725, 47, 'KLX 250', NOW(), NOW()),
(726, 47, 'KLX 150', NOW(), NOW()),
(727, 47, 'Vulcan 900', NOW(), NOW()),
(728, 47, 'Vulcan S', NOW(), NOW()),
-- DUCATI (marca_id = 48)
(729, 48, 'Panigale V4', NOW(), NOW()),
(730, 48, 'Panigale V2', NOW(), NOW()),
(731, 48, '959 Panigale', NOW(), NOW()),
(732, 48, '899 Panigale', NOW(), NOW()),
(733, 48, 'Monster 1200', NOW(), NOW()),
(734, 48, 'Monster 821', NOW(), NOW()),
(735, 48, 'Monster 797', NOW(), NOW()),
(736, 48, 'Hypermotard 950', NOW(), NOW()),
(737, 48, 'Hyperstrada 939', NOW(), NOW()),
(738, 48, 'Multistrada 1260', NOW(), NOW()),
(739, 48, 'Multistrada 950', NOW(), NOW()),
(740, 48, 'Diavel 1260', NOW(), NOW()),
(741, 48, 'XDiavel', NOW(), NOW()),
(742, 48, 'Scrambler Icon', NOW(), NOW()),
(743, 48, 'Scrambler Desert Sled', NOW(), NOW()),
(744, 48, 'SuperSport 950', NOW(), NOW()),
-- HARLEY-DAVIDSON (marca_id = 49)
(745, 49, 'Street 750', NOW(), NOW()),
(746, 49, 'Iron 883', NOW(), NOW()),
(747, 49, 'Forty-Eight', NOW(), NOW()),
(748, 49, 'Sportster 1200', NOW(), NOW()),
(749, 49, 'Fat Bob', NOW(), NOW()),
(750, 49, 'Fat Boy', NOW(), NOW()),
(751, 49, 'Heritage Classic', NOW(), NOW()),
(752, 49, 'Road King', NOW(), NOW()),
(753, 49, 'Street Glide', NOW(), NOW()),
(754, 49, 'Electra Glide', NOW(), NOW()),
(755, 49, 'Ultra Limited', NOW(), NOW()),
(756, 49, 'Road Glide', NOW(), NOW()),
(757, 49, 'Breakout', NOW(), NOW()),
(758, 49, 'V-Rod', NOW(), NOW()),
(759, 49, 'LiveWire', NOW(), NOW()),
(760, 49, 'Pan America', NOW(), NOW()),
-- BMW MOTORRAD (marca_id = 50)
(761, 50, 'S1000RR', NOW(), NOW()),
(762, 50, 'S1000R', NOW(), NOW()),
(763, 50, 'F900R', NOW(), NOW()),
(764, 50, 'F800R', NOW(), NOW()),
(765, 50, 'G310R', NOW(), NOW()),
(766, 50, 'R1250GS', NOW(), NOW()),
(767, 50, 'F850GS', NOW(), NOW()),
(768, 50, 'G310GS', NOW(), NOW()),
(769, 50, 'K1600GT', NOW(), NOW()),
(770, 50, 'R1250RT', NOW(), NOW()),
(771, 50, 'C400X', NOW(), NOW()),
(772, 50, 'C650GT', NOW(), NOW()),
(773, 50, 'R nineT', NOW(), NOW()),
(774, 50, 'R18', NOW(), NOW()),
(775, 50, 'F750GS', NOW(), NOW()),
(776, 50, 'S1000XR', NOW(), NOW()),
-- KTM (marca_id = 51)
(777, 51, '390 Duke', NOW(), NOW()),
(778, 51, '250 Duke', NOW(), NOW()),
(779, 51, '200 Duke', NOW(), NOW()),
(780, 51, '125 Duke', NOW(), NOW()),
(781, 51, 'RC 390', NOW(), NOW()),
(782, 51, 'RC 200', NOW(), NOW()),
(783, 51, '390 Adventure', NOW(), NOW()),
(784, 51, '250 Adventure', NOW(), NOW()),
(785, 51, '1290 Super Duke R', NOW(), NOW()),
(786, 51, '890 Duke R', NOW(), NOW()),
(787, 51, '1290 Super Adventure', NOW(), NOW()),
(788, 51, '890 Adventure', NOW(), NOW()),
(789, 51, '450 SX-F', NOW(), NOW()),
(790, 51, '350 SX-F', NOW(), NOW()),
(791, 51, '250 SX-F', NOW(), NOW()),
(792, 51, 'Enduro 690', NOW(), NOW()),
-- APRILIA (marca_id = 52)
(793, 52, 'RSV4', NOW(), NOW()),
(794, 52, 'Tuono V4', NOW(), NOW()),
(795, 52, 'RS 660', NOW(), NOW()),
(796, 52, 'Tuono 660', NOW(), NOW()),
(797, 52, 'RSV 1000', NOW(), NOW()),
(798, 52, 'Tuono 1000', NOW(), NOW()),
(799, 52, 'Shiver 900', NOW(), NOW()),
(800, 52, 'Dorsoduro 900', NOW(), NOW()),
(801, 52, 'Caponord 1200', NOW(), NOW()),
(802, 52, 'Mana 850', NOW(), NOW()),
(803, 52, 'SR 150', NOW(), NOW()),
(804, 52, 'SX 50', NOW(), NOW()),
(805, 52, 'RX 50', NOW(), NOW()),
(806, 52, 'Atlantic 500', NOW(), NOW()),
(807, 52, 'Scarabeo 500', NOW(), NOW()),
(808, 52, 'Pegaso 650', NOW(), NOW()),
-- TRIUMPH (marca_id = 53)
(809, 53, 'Street Triple', NOW(), NOW()),
(810, 53, 'Speed Triple', NOW(), NOW()),
(811, 53, 'Daytona 675', NOW(), NOW()),
(812, 53, 'Tiger 800', NOW(), NOW()),
(813, 53, 'Tiger 1200', NOW(), NOW()),
(814, 53, 'Bonneville', NOW(), NOW()),
(815, 53, 'Thruxton', NOW(), NOW()),
(816, 53, 'Scrambler', NOW(), NOW()),
(817, 53, 'Speedmaster', NOW(), NOW()),
(818, 53, 'Bobber', NOW(), NOW()),
(819, 53, 'Rocket III', NOW(), NOW()),
(820, 53, 'Trophy', NOW(), NOW()),
(821, 53, 'Thunderbird', NOW(), NOW()),
(822, 53, 'America', NOW(), NOW()),
(823, 53, 'Adventurer', NOW(), NOW()),
(824, 53, 'Sprint', NOW(), NOW()),
-- INDIAN (marca_id = 54)
(825, 54, 'Scout', NOW(), NOW()),
(826, 54, 'Scout Sixty', NOW(), NOW()),
(827, 54, 'Chief', NOW(), NOW()),
(828, 54, 'Chieftain', NOW(), NOW()),
(829, 54, 'Roadmaster', NOW(), NOW()),
(830, 54, 'Springfield', NOW(), NOW()),
(831, 54, 'Dark Horse', NOW(), NOW()),
(832, 54, 'Bobber', NOW(), NOW()),
(833, 54, 'Vintage', NOW(), NOW()),
(834, 54, 'Classic', NOW(), NOW()),
(835, 54, 'Limited', NOW(), NOW()),
(836, 54, 'Elite', NOW(), NOW()),
(837, 54, 'Challenger', NOW(), NOW()),
(838, 54, 'Pursuit', NOW(), NOW()),
(839, 54, 'FTR 1200', NOW(), NOW()),
(840, 54, 'Scout Rogue', NOW(), NOW()),
-- MOTO GUZZI (marca_id = 55)
(841, 55, 'V7', NOW(), NOW()),
(842, 55, 'V9', NOW(), NOW()),
(843, 55, 'V85 TT', NOW(), NOW()),
(844, 55, 'Griso', NOW(), NOW()),
(845, 55, 'California', NOW(), NOW()),
(846, 55, 'Eldorado', NOW(), NOW()),
(847, 55, 'Audace', NOW(), NOW()),
(848, 55, 'MGX-21', NOW(), NOW()),
(849, 55, 'Stelvio', NOW(), NOW()),
(850, 55, 'Breva', NOW(), NOW()),
(851, 55, 'Norge', NOW(), NOW()),
(852, 55, 'Sport', NOW(), NOW()),
(853, 55, 'Centauro', NOW(), NOW()),
(854, 55, 'Daytona', NOW(), NOW()),
(855, 55, 'Le Mans', NOW(), NOW()),
(856, 55, 'V11', NOW(), NOW()),
-- BENELLI (marca_id = 56)
(857, 56, 'TNT 600i', NOW(), NOW()),
(858, 56, 'TNT 300', NOW(), NOW()),
(859, 56, 'TNT 250', NOW(), NOW()),
(860, 56, 'TNT 135', NOW(), NOW()),
(861, 56, 'TRK 502', NOW(), NOW()),
(862, 56, 'TRK 251', NOW(), NOW()),
(863, 56, 'Leoncino 500', NOW(), NOW()),
(864, 56, 'Leoncino 250', NOW(), NOW()),
(865, 56, 'BN 302', NOW(), NOW()),
(866, 56, 'BN 251', NOW(), NOW()),
(867, 56, 'Tornado 302', NOW(), NOW()),
(868, 56, 'Imperiale 400', NOW(), NOW()),
(869, 56, '752S', NOW(), NOW()),
(870, 56, 'TNT 899', NOW(), NOW()),
(871, 56, 'TNT 1130', NOW(), NOW()),
(872, 56, 'Sei', NOW(), NOW()),
-- ROYAL ENFIELD (marca_id = 57)
(873, 57, 'Classic 350', NOW(), NOW()),
(874, 57, 'Classic 500', NOW(), NOW()),
(875, 57, 'Bullet 350', NOW(), NOW()),
(876, 57, 'Bullet 500', NOW(), NOW()),
(877, 57, 'Himalayan', NOW(), NOW()),
(878, 57, 'Interceptor 650', NOW(), NOW()),
(879, 57, 'Continental GT 650', NOW(), NOW()),
(880, 57, 'Thunderbird 350', NOW(), NOW()),
(881, 57, 'Thunderbird 500', NOW(), NOW()),
(882, 57, 'Meteor 350', NOW(), NOW()),
(883, 57, 'Electra', NOW(), NOW()),
(884, 57, 'Machismo', NOW(), NOW()),
(885, 57, 'Lightning', NOW(), NOW()),
(886, 57, 'Woodsman', NOW(), NOW()),
(887, 57, 'Forest Green', NOW(), NOW()),
(888, 57, 'Desert Storm', NOW(), NOW()),
-- CAN-AM (marca_id = 58)
(889, 58, 'Spyder RT', NOW(), NOW()),
(890, 58, 'Spyder F3', NOW(), NOW()),
(891, 58, 'Spyder RS', NOW(), NOW()),
(892, 58, 'Ryker', NOW(), NOW()),
(893, 58, 'Maverick X3', NOW(), NOW()),
(894, 58, 'Maverick Trail', NOW(), NOW()),
(895, 58, 'Commander', NOW(), NOW()),
(896, 58, 'Defender', NOW(), NOW()),
(897, 58, 'Outlander', NOW(), NOW()),
(898, 58, 'Renegade', NOW(), NOW()),
(899, 58, 'DS 450', NOW(), NOW()),
(900, 58, 'DS 250', NOW(), NOW()),
(901, 58, 'DS 90', NOW(), NOW()),
(902, 58, 'Traxter', NOW(), NOW()),
(903, 58, 'Quest', NOW(), NOW()),
(904, 58, 'Rally', NOW(), NOW()),
-- POLARIS (marca_id = 59)
(905, 59, 'RZR XP', NOW(), NOW()),
(906, 59, 'RZR S', NOW(), NOW()),
(907, 59, 'RZR 570', NOW(), NOW()),
(908, 59, 'Ranger', NOW(), NOW()),
(909, 59, 'General', NOW(), NOW()),
(910, 59, 'Sportsman', NOW(), NOW()),
(911, 59, 'Scrambler', NOW(), NOW()),
(912, 59, 'Phoenix', NOW(), NOW()),
(913, 59, 'Outlaw', NOW(), NOW()),
(914, 59, 'Predator', NOW(), NOW()),
(915, 59, 'Trail Boss', NOW(), NOW()),
(916, 59, 'Magnum', NOW(), NOW()),
(917, 59, 'Big Boss', NOW(), NOW()),
(918, 59, 'Xplorer', NOW(), NOW()),
(919, 59, 'Diesel', NOW(), NOW()),
(920, 59, 'ACE', NOW(), NOW()),
-- SHINERAY (marca_id = 60)
(921, 60, 'XY 150', NOW(), NOW()),
(922, 60, 'XY 200', NOW(), NOW()),
(923, 60, 'XY 250', NOW(), NOW()),
(924, 60, 'Phoenix 50', NOW(), NOW()),
(925, 60, 'Jet 50', NOW(), NOW()),
(926, 60, 'Fifty 50', NOW(), NOW()),
(927, 60, 'Retro 150', NOW(), NOW()),
(928, 60, 'Explorer 150', NOW(), NOW()),
(929, 60, 'Super Smart 50', NOW(), NOW()),
(930, 60, 'Naked 150', NOW(), NOW()),
(931, 60, 'ST-9', NOW(), NOW()),
(932, 60, 'ST-6', NOW(), NOW()),
(933, 60, 'T9', NOW(), NOW()),
(934, 60, 'T23', NOW(), NOW()),
(935, 60, 'X5', NOW(), NOW()),
(936, 60, 'XY400', NOW(), NOW()),
-- TRAXX (marca_id = 61)
(937, 61, 'JH 150', NOW(), NOW()),
(938, 61, 'JL 150', NOW(), NOW()),
(939, 61, 'JS 150', NOW(), NOW()),
(940, 61, 'JH 250', NOW(), NOW()),
(941, 61, 'JL 250', NOW(), NOW()),
(942, 61, 'JS 250', NOW(), NOW()),
(943, 61, 'City 50', NOW(), NOW()),
(944, 61, 'Sky 50', NOW(), NOW()),
(945, 61, 'Fly 150', NOW(), NOW()),
(946, 61, 'TS 150', NOW(), NOW()),
(947, 61, 'TS 250', NOW(), NOW()),
(948, 61, 'JH 50', NOW(), NOW()),
(949, 61, 'JL 50', NOW(), NOW()),
(950, 61, 'Star 150', NOW(), NOW()),
(951, 61, 'Star 250', NOW(), NOW()),
(952, 61, 'Quad 150', NOW(), NOW()),
-- DAFRA (marca_id = 62)
(953, 62, 'Apache 150', NOW(), NOW()),
(954, 62, 'Apache 200', NOW(), NOW()),
(955, 62, 'Next 250', NOW(), NOW()),
(956, 62, 'Citycom 300', NOW(), NOW()),
(957, 62, 'Maxsym 400', NOW(), NOW()),
(958, 62, 'Fiddle III 150', NOW(), NOW()),
(959, 62, 'Sym Jet 14', NOW(), NOW()),
(960, 62, 'Riva 150', NOW(), NOW()),
(961, 62, 'Kansas 150', NOW(), NOW()),
(962, 62, 'Laser 150', NOW(), NOW()),
(963, 62, 'Speed 150', NOW(), NOW()),
(964, 62, 'Horizon 150', NOW(), NOW()),
(965, 62, 'Super 100', NOW(), NOW()),
(966, 62, 'Smart 125', NOW(), NOW()),
(967, 62, 'Zig 50', NOW(), NOW()),
(968, 62, 'Zig 100', NOW(), NOW()),
-- KASINSKI (marca_id = 63)
(969, 63, 'Comet 250', NOW(), NOW()),
(970, 63, 'Mirage 250', NOW(), NOW()),
(971, 63, 'Prima 150', NOW(), NOW()),
(972, 63, 'Soft 50', NOW(), NOW()),
(973, 63, 'Flash 150', NOW(), NOW()),
(974, 63, 'Seta 125', NOW(), NOW()),
(975, 63, 'Crz 150', NOW(), NOW()),
(976, 63, 'Hacker 150', NOW(), NOW()),
(977, 63, 'Win 110', NOW(), NOW()),
(978, 63, 'Rx 125', NOW(), NOW()),
(979, 63, 'Gf 125', NOW(), NOW()),
(980, 63, 'Super Cab', NOW(), NOW()),
(981, 63, 'Comet GT', NOW(), NOW()),
(982, 63, 'Mirage 450', NOW(), NOW()),
(983, 63, 'Comet GT 650', NOW(), NOW()),
(984, 63, 'Hyosung 250', NOW(), NOW()),
-- SUNDOWN (marca_id = 64)
(985, 64, 'Max 125', NOW(), NOW()),
(986, 64, 'Hunter 125', NOW(), NOW()),
(987, 64, 'Web 100', NOW(), NOW()),
(988, 64, 'Future 125', NOW(), NOW()),
(989, 64, 'Vblade 250', NOW(), NOW()),
(990, 64, 'STX 200', NOW(), NOW()),
(991, 64, 'Akros 90', NOW(), NOW()),
(992, 64, 'Fit 125', NOW(), NOW()),
(993, 64, 'V-Blade 250', NOW(), NOW()),
(994, 64, 'STX Motard', NOW(), NOW()),
(995, 64, 'Palio', NOW(), NOW()),
(996, 64, 'Max 110', NOW(), NOW()),
(997, 64, 'Hunter 110', NOW(), NOW()),
(998, 64, 'Web 110', NOW(), NOW()),
(999, 64, 'Naja', NOW(), NOW()),
(1000, 64, 'Dafra Next', NOW(), NOW()),
-- HAOJUE (marca_id = 65)
(1001, 65, 'DK 150', NOW(), NOW()),
(1002, 65, 'NK 150', NOW(), NOW()),
(1003, 65, 'DM 150', NOW(), NOW()),
(1004, 65, 'Lindy 125', NOW(), NOW()),
(1005, 65, 'VR 150', NOW(), NOW()),
(1006, 65, 'TR 150', NOW(), NOW()),
(1007, 65, 'Chopper Road 150', NOW(), NOW()),
(1008, 65, 'Fun 110', NOW(), NOW()),
(1009, 65, 'Nex 115', NOW(), NOW()),
(1010, 65, 'Cool 110', NOW(), NOW()),
(1011, 65, 'DK 125', NOW(), NOW()),
(1012, 65, 'NK 125', NOW(), NOW()),
(1013, 65, 'DM 125', NOW(), NOW()),
(1014, 65, 'HJ 125', NOW(), NOW()),
(1015, 65, 'HJ 150', NOW(), NOW()),
(1016, 65, 'Joy 110', NOW(), NOW()),
-- JONNY (marca_id = 66)
(1017, 66, 'Hype 125', NOW(), NOW()),
(1018, 66, 'Fox 50', NOW(), NOW()),
(1019, 66, 'Comet 250', NOW(), NOW()),
(1020, 66, 'Kansas 150', NOW(), NOW()),
(1021, 66, 'Flash 150', NOW(), NOW()),
(1022, 66, 'Zero 50', NOW(), NOW()),
(1023, 66, 'Mini Moto', NOW(), NOW()),
(1024, 66, 'Pocket Bike', NOW(), NOW()),
(1025, 66, 'Quad', NOW(), NOW()),
(1026, 66, 'Pit Bike', NOW(), NOW()),
(1027, 66, 'Dirt Bike', NOW(), NOW()),
(1028, 66, 'Cross', NOW(), NOW()),
(1029, 66, 'Trial', NOW(), NOW()),
(1030, 66, 'Mini Cross', NOW(), NOW()),
(1031, 66, 'Micro', NOW(), NOW()),
(1032, 66, 'Baby', NOW(), NOW()),
-- FOTON (marca_id = 67)
(1033, 67, 'Tunland', NOW(), NOW()),
(1034, 67, 'Gratour', NOW(), NOW()),
(1035, 67, 'View', NOW(), NOW()),
(1036, 67, 'Sauvana', NOW(), NOW()),
(1037, 67, 'Aumark', NOW(), NOW()),
(1038, 67, 'Auman', NOW(), NOW()),
(1039, 67, 'Ollin', NOW(), NOW()),
(1040, 67, 'Forland', NOW(), NOW()),
(1041, 67, 'Alpha', NOW(), NOW()),
(1042, 67, 'Beta', NOW(), NOW()),
(1043, 67, 'Gamma', NOW(), NOW()),
(1044, 67, 'Delta', NOW(), NOW()),
(1045, 67, 'Epsilon', NOW(), NOW()),
(1046, 67, 'Zeta', NOW(), NOW()),
(1047, 67, 'Eta', NOW(), NOW()),
(1048, 67, 'Theta', NOW(), NOW()),
-- IVECO (marca_id = 68)
(1049, 68, 'Daily', NOW(), NOW()),
(1050, 68, 'Vertis', NOW(), NOW()),
(1051, 68, 'Tector', NOW(), NOW()),
(1052, 68, 'Cursor', NOW(), NOW()),
(1053, 68, 'Stralis', NOW(), NOW()),
(1054, 68, 'Hi-Way', NOW(), NOW()),
(1055, 68, 'Eurocargo', NOW(), NOW()),
(1056, 68, 'EuroCargo', NOW(), NOW()),
(1057, 68, 'EuroTech', NOW(), NOW()),
(1058, 68, 'EuroStar', NOW(), NOW()),
(1059, 68, 'PowerStar', NOW(), NOW()),
(1060, 68, 'TrakKer', NOW(), NOW()),
(1061, 68, 'Massif', NOW(), NOW()),
(1062, 68, '70C16', NOW(), NOW()),
(1063, 68, '170E22', NOW(), NOW()),
(1064, 68, '240E25', NOW(), NOW()),
-- SCANIA (marca_id = 69)
(1065, 69, 'Série R', NOW(), NOW()),
(1066, 69, 'Série G', NOW(), NOW()),
(1067, 69, 'Série P', NOW(), NOW()),
(1068, 69, 'Série S', NOW(), NOW()),
(1069, 69, '113', NOW(), NOW()),
(1070, 69, '124', NOW(), NOW()),
(1071, 69, '144', NOW(), NOW()),
(1072, 69, '164', NOW(), NOW()),
(1073, 69, '420', NOW(), NOW()),
(1074, 69, '440', NOW(), NOW()),
(1075, 69, '470', NOW(), NOW()),
(1076, 69, '480', NOW(), NOW()),
(1077, 69, '500', NOW(), NOW()),
(1078, 69, '520', NOW(), NOW()),
(1079, 69, '540', NOW(), NOW()),
(1080, 69, '580', NOW(), NOW()),
-- VOLVO TRUCKS (marca_id = 70)
(1081, 70, 'FH', NOW(), NOW()),
(1082, 70, 'FM', NOW(), NOW()),
(1083, 70, 'FE', NOW(), NOW()),
(1084, 70, 'FL', NOW(), NOW()),
(1085, 70, 'VNL', NOW(), NOW()),
(1086, 70, 'VHD', NOW(), NOW()),
(1087, 70, 'VAH', NOW(), NOW()),
(1088, 70, 'VT', NOW(), NOW()),
(1089, 70, 'F10', NOW(), NOW()),
(1090, 70, 'F12', NOW(), NOW()),
(1091, 70, 'F16', NOW(), NOW()),
(1092, 70, 'FH12', NOW(), NOW()),
(1093, 70, 'FH16', NOW(), NOW()),
(1094, 70, 'VM', NOW(), NOW()),
(1095, 70, 'N10', NOW(), NOW()),
(1096, 70, 'N12', NOW(), NOW()),
-- MERCEDES-BENZ TRUCKS (marca_id = 71)
(1097, 71, 'Actros', NOW(), NOW()),
(1098, 71, 'Atego', NOW(), NOW()),
(1099, 71, 'Axor', NOW(), NOW()),
(1100, 71, 'Accelo', NOW(), NOW()),
(1101, 71, 'Antos', NOW(), NOW()),
(1102, 71, 'Arocs', NOW(), NOW()),
(1103, 71, '710', NOW(), NOW()),
(1104, 71, '712', NOW(), NOW()),
(1105, 71, '914', NOW(), NOW()),
(1106, 71, '1113', NOW(), NOW()),
(1107, 71, '1313', NOW(), NOW()),
(1108, 71, '1513', NOW(), NOW()),
(1109, 71, '1718', NOW(), NOW()),
(1110, 71, '2426', NOW(), NOW()),
(1111, 71, '2540', NOW(), NOW()),
(1112, 71, '3344', NOW(), NOW()),
-- MAN (marca_id = 72)
(1113, 72, 'TGX', NOW(), NOW()),
(1114, 72, 'TGS', NOW(), NOW()),
(1115, 72, 'TGL', NOW(), NOW()),
(1116, 72, 'TGM', NOW(), NOW()),
(1117, 72, 'Lion''s Coach', NOW(), NOW()),
(1118, 72, 'Lion''s City', NOW(), NOW()),
(1119, 72, 'Lion''s Star', NOW(), NOW()),
(1120, 72, 'Lion''s Regio', NOW(), NOW()),
(1121, 72, 'F2000', NOW(), NOW()),
(1122, 72, 'L2000', NOW(), NOW()),
(1123, 72, 'M2000', NOW(), NOW()),
(1124, 72, 'TGA', NOW(), NOW()),
(1125, 72, 'TGE', NOW(), NOW()),
(1126, 72, 'CLA', NOW(), NOW()),
(1127, 72, '8.150', NOW(), NOW()),
(1128, 72, '8.180', NOW(), NOW()),
-- DAF (marca_id = 73)
(1129, 73, 'XF', NOW(), NOW()),
(1130, 73, 'CF', NOW(), NOW()),
(1131, 73, 'LF', NOW(), NOW()),
(1132, 73, 'XD', NOW(), NOW()),
(1133, 73, 'XG', NOW(), NOW()),
(1134, 73, 'XG+', NOW(), NOW()),
(1135, 73, 'FT', NOW(), NOW()),
(1136, 73, 'FAD', NOW(), NOW()),
(1137, 73, 'FAS', NOW(), NOW()),
(1138, 73, 'FAG', NOW(), NOW()),
(1139, 73, '400', NOW(), NOW()),
(1140, 73, '500', NOW(), NOW()),
(1141, 73, '600', NOW(), NOW()),
(1142, 73, '800', NOW(), NOW()),
(1143, 73, '1300', NOW(), NOW()),
(1144, 73, '1600', NOW(), NOW()),
-- FREIGHTLINER (marca_id = 74)
(1145, 74, 'Cascadia', NOW(), NOW()),
(1146, 74, 'Columbia', NOW(), NOW()),
(1147, 74, 'Coronado', NOW(), NOW()),
(1148, 74, 'Century Class', NOW(), NOW()),
(1149, 74, 'Classic XL', NOW(), NOW()),
(1150, 74, 'FLD120', NOW(), NOW()),
(1151, 74, 'Argosy', NOW(), NOW()),
(1152, 74, 'Business Class M2', NOW(), NOW()),
(1153, 74, 'Sprinter', NOW(), NOW()),
(1154, 74, 'MT35', NOW(), NOW()),
(1155, 74, 'MT45', NOW(), NOW()),
(1156, 74, 'MT55', NOW(), NOW()),
(1157, 74, '122SD', NOW(), NOW()),
(1158, 74, '108SD', NOW(), NOW()),
(1159, 74, '114SD', NOW(), NOW()),
(1160, 74, 'Econic', NOW(), NOW()),
-- KENWORTH (marca_id = 75)
(1161, 75, 'T680', NOW(), NOW()),
(1162, 75, 'T880', NOW(), NOW()),
(1163, 75, 'T800', NOW(), NOW()),
(1164, 75, 'T600', NOW(), NOW()),
(1165, 75, 'W900', NOW(), NOW()),
(1166, 75, 'C500', NOW(), NOW()),
(1167, 75, 'T370', NOW(), NOW()),
(1168, 75, 'T470', NOW(), NOW()),
(1169, 75, 'T270', NOW(), NOW()),
(1170, 75, 'T300', NOW(), NOW()),
(1171, 75, 'T660', NOW(), NOW()),
(1172, 75, 'K370', NOW(), NOW()),
(1173, 75, 'K270', NOW(), NOW()),
(1174, 75, 'K300', NOW(), NOW()),
(1175, 75, 'T2000', NOW(), NOW()),
(1176, 75, 'Aerodyne', NOW(), NOW()),
-- PETERBILT (marca_id = 76)
(1177, 76, '579', NOW(), NOW()),
(1178, 76, '567', NOW(), NOW()),
(1179, 76, '389', NOW(), NOW()),
(1180, 76, '379', NOW(), NOW()),
(1181, 76, '377', NOW(), NOW()),
(1182, 76, '359', NOW(), NOW()),
(1183, 76, '348', NOW(), NOW()),
(1184, 76, '337', NOW(), NOW()),
(1185, 76, '320', NOW(), NOW()),
(1186, 76, '579UF', NOW(), NOW()),
(1187, 76, '567SF', NOW(), NOW()),
(1188, 76, '365', NOW(), NOW()),
(1189, 76, '325', NOW(), NOW()),
(1190, 76, '220', NOW(), NOW()),
(1191, 76, '281', NOW(), NOW()),
(1192, 76, '351', NOW(), NOW()),
-- MACK (marca_id = 77)
(1193, 77, 'Anthem', NOW(), NOW()),
(1194, 77, 'Granite', NOW(), NOW()),
(1195, 77, 'TerraPro', NOW(), NOW()),
(1196, 77, 'Pinnacle', NOW(), NOW()),
(1197, 77, 'Titan', NOW(), NOW()),
(1198, 77, 'Vision', NOW(), NOW()),
(1199, 77, 'CHU', NOW(), NOW()),
(1200, 77, 'CXU', NOW(), NOW()),
(1201, 77, 'GU', NOW(), NOW()),
(1202, 77, 'TD', NOW(), NOW()),
(1203, 77, 'LR', NOW(), NOW()),
(1204, 77, 'MR', NOW(), NOW()),
(1205, 77, 'LE', NOW(), NOW()),
(1206, 77, 'CH', NOW(), NOW()),
(1207, 77, 'CV', NOW(), NOW()),
(1208, 77, 'DM', NOW(), NOW()),
-- INTERNATIONAL (marca_id = 78)
(1209, 78, 'ProStar', NOW(), NOW()),
(1210, 78, 'LoneStar', NOW(), NOW()),
(1211, 78, 'LT', NOW(), NOW()),
(1212, 78, 'HV', NOW(), NOW()),
(1213, 78, 'HX', NOW(), NOW()),
(1214, 78, 'MV', NOW(), NOW()),
(1215, 78, 'CV', NOW(), NOW()),
(1216, 78, 'DuraStar', NOW(), NOW()),
(1217, 78, 'WorkStar', NOW(), NOW()),
(1218, 78, 'TranStar', NOW(), NOW()),
(1219, 78, 'PayStar', NOW(), NOW()),
(1220, 78, '9900i', NOW(), NOW()),
(1221, 78, '9400i', NOW(), NOW()),
(1222, 78, '9200i', NOW(), NOW()),
(1223, 78, '4400', NOW(), NOW()),
(1224, 78, '7600', NOW(), NOW()),
-- ISUZU (marca_id = 79)
(1225, 79, 'NPR', NOW(), NOW()),
(1226, 79, 'NQR', NOW(), NOW()),
(1227, 79, 'NRR', NOW(), NOW()),
(1228, 79, 'FRR', NOW(), NOW()),
(1229, 79, 'FSR', NOW(), NOW()),
(1230, 79, 'FTR', NOW(), NOW()),
(1231, 79, 'FVR', NOW(), NOW()),
(1232, 79, 'GVR', NOW(), NOW()),
(1233, 79, 'CXZ', NOW(), NOW()),
(1234, 79, 'EXR', NOW(), NOW()),
(1235, 79, 'EXZ', NOW(), NOW()),
(1236, 79, 'Giga', NOW(), NOW()),
(1237, 79, 'Forward', NOW(), NOW()),
(1238, 79, 'Elf', NOW(), NOW()),
(1239, 79, 'D-Max', NOW(), NOW()),
(1240, 79, 'MU-X', NOW(), NOW()),
-- HINO (marca_id = 80)
(1241, 80, '155', NOW(), NOW()),
(1242, 80, '195', NOW(), NOW()),
(1243, 80, '268', NOW(), NOW()),
(1244, 80, '338', NOW(), NOW()),
(1245, 80, '358', NOW(), NOW()),
(1246, 80, '500', NOW(), NOW()),
(1247, 80, '600', NOW(), NOW()),
(1248, 80, '700', NOW(), NOW()),
(1249, 80, 'Dutro', NOW(), NOW()),
(1250, 80, 'Ranger', NOW(), NOW()),
(1251, 80, 'Profia', NOW(), NOW()),
(1252, 80, 'Super Dolphin', NOW(), NOW()),
(1253, 80, 'Blue Ribbon', NOW(), NOW()),
(1254, 80, 'Liesse', NOW(), NOW()),
(1255, 80, 'Melpha', NOW(), NOW()),
(1256, 80, 'Poncho', NOW(), NOW()),
-- AGRALE (marca_id = 81)
(1257, 81, 'MT 15.0', NOW(), NOW()),
(1258, 81, 'MT 17.0', NOW(), NOW()),
(1259, 81, 'MT 12.0', NOW(), NOW()),
(1260, 81, 'Marrua', NOW(), NOW()),
(1261, 81, '14000', NOW(), NOW()),
(1262, 81, '8500', NOW(), NOW()),
(1263, 81, '7500', NOW(), NOW()),
(1264, 81, '9200', NOW(), NOW()),
(1265, 81, '13000', NOW(), NOW()),
(1266, 81, '15000', NOW(), NOW()),
(1267, 81, '6000', NOW(), NOW()),
(1268, 81, 'Volare', NOW(), NOW()),
(1269, 81, 'W8', NOW(), NOW()),
(1270, 81, 'W9', NOW(), NOW()),
(1271, 81, 'A9500', NOW(), NOW()),
(1272, 81, 'TX1200', NOW(), NOW()),
-- TROLLER (marca_id = 82)
(1273, 82, 'T4', NOW(), NOW()),
(1274, 82, 'Pantanal', NOW(), NOW()),
(1275, 82, 'RF', NOW(), NOW()),
(1276, 82, 'TR4', NOW(), NOW()),
(1277, 82, 'Passione', NOW(), NOW()),
(1278, 82, 'Sport', NOW(), NOW()),
(1279, 82, 'Adventure', NOW(), NOW()),
(1280, 82, 'T-4 Turbo', NOW(), NOW()),
(1281, 82, 'Xplorer', NOW(), NOW()),
(1282, 82, 'Crossover', NOW(), NOW()),
-- GURGEL (marca_id = 83)
(1283, 83, 'Itaipu', NOW(), NOW()),
(1284, 83, 'Xavante', NOW(), NOW()),
(1285, 83, 'X-12', NOW(), NOW()),
(1286, 83, 'X-15', NOW(), NOW()),
(1287, 83, 'X-20', NOW(), NOW()),
(1288, 83, 'Carajás', NOW(), NOW()),
(1289, 83, 'Tocantins', NOW(), NOW()),
(1290, 83, 'Supermini', NOW(), NOW()),
(1291, 83, 'BR-800', NOW(), NOW()),
(1292, 83, 'Motomachine', NOW(), NOW()),
-- EMIS (marca_id = 84)
(1293, 84, 'Urban', NOW(), NOW()),
(1294, 84, 'Classe', NOW(), NOW()),
(1295, 84, 'Allegro', NOW(), NOW()),
(1296, 84, 'Apache', NOW(), NOW()),
(1297, 84, 'Urbano', NOW(), NOW()),
(1298, 84, 'Pluss', NOW(), NOW()),
(1299, 84, 'Gold', NOW(), NOW()),
(1300, 84, 'Senior', NOW(), NOW()),
-- EFFA (marca_id = 85)
(1301, 85, 'M100', NOW(), NOW()),
(1302, 85, 'V21', NOW(), NOW()),
(1303, 85, 'JMC', NOW(), NOW()),
(1304, 85, 'Start', NOW(), NOW()),
(1305, 85, 'Towner', NOW(), NOW()),
(1306, 85, 'Van', NOW(), NOW()),
(1307, 85, 'Pickup', NOW(), NOW()),
(1308, 85, 'Cargo', NOW(), NOW()),
-- RELY (marca_id = 86)
(1309, 86, 'X60', NOW(), NOW()),
(1310, 86, 'X80', NOW(), NOW()),
(1311, 86, 'V5', NOW(), NOW()),
(1312, 86, 'Pickup', NOW(), NOW()),
(1313, 86, 'SUV', NOW(), NOW()),
(1314, 86, 'Hatchback', NOW(), NOW()),
(1315, 86, 'Sedan', NOW(), NOW()),
(1316, 86, 'Station', NOW(), NOW()),
-- TATA (marca_id = 87)
(1317, 87, 'Nano', NOW(), NOW()),
(1318, 87, 'Indica', NOW(), NOW()),
(1319, 87, 'Indigo', NOW(), NOW()),
(1320, 87, 'Safari', NOW(), NOW()),
(1321, 87, 'Sumo', NOW(), NOW()),
(1322, 87, 'Sierra', NOW(), NOW()),
(1323, 87, 'Xenon', NOW(), NOW()),
(1324, 87, 'Estate', NOW(), NOW()),
(1325, 87, 'Grande', NOW(), NOW()),
(1326, 87, 'Aria', NOW(), NOW()),
(1327, 87, 'Manza', NOW(), NOW()),
(1328, 87, 'Vista', NOW(), NOW()),
(1329, 87, 'Zest', NOW(), NOW()),
(1330, 87, 'Bolt', NOW(), NOW()),
(1331, 87, 'Tiago', NOW(), NOW()),
(1332, 87, 'Tigor', NOW(), NOW()),
-- MAHINDRA (marca_id = 88)
(1333, 88, 'Scorpio', NOW(), NOW()),
(1334, 88, 'XUV500', NOW(), NOW()),
(1335, 88, 'Bolero', NOW(), NOW()),
(1336, 88, 'Thar', NOW(), NOW()),
(1337, 88, 'Xylo', NOW(), NOW()),
(1338, 88, 'Quanto', NOW(), NOW()),
(1339, 88, 'KUV100', NOW(), NOW()),
(1340, 88, 'TUV300', NOW(), NOW()),
(1341, 88, 'Marazzo', NOW(), NOW()),
(1342, 88, 'XUV300', NOW(), NOW()),
(1343, 88, 'Alturas', NOW(), NOW()),
(1344, 88, 'eKUV100', NOW(), NOW()),
(1345, 88, 'eXUV300', NOW(), NOW()),
(1346, 88, 'Jeep', NOW(), NOW()),
(1347, 88, 'Classic', NOW(), NOW()),
(1348, 88, 'Commander', NOW(), NOW()),
-- SSANGYONG (marca_id = 89)
(1349, 89, 'Korando', NOW(), NOW()),
(1350, 89, 'Kyron', NOW(), NOW()),
(1351, 89, 'Rexton', NOW(), NOW()),
(1352, 89, 'Actyon', NOW(), NOW()),
(1353, 89, 'Rodius', NOW(), NOW()),
(1354, 89, 'Stavic', NOW(), NOW()),
(1355, 89, 'Chairman', NOW(), NOW()),
(1356, 89, 'Musso', NOW(), NOW()),
(1357, 89, 'Istana', NOW(), NOW()),
(1358, 89, 'Family', NOW(), NOW()),
(1359, 89, 'Korando Sports', NOW(), NOW()),
(1360, 89, 'Tivoli', NOW(), NOW()),
(1361, 89, 'XLV', NOW(), NOW()),
(1362, 89, 'Torres', NOW(), NOW()),
(1363, 89, 'Korando e-Motion', NOW(), NOW()),
(1364, 89, 'Rexton W', NOW(), NOW()),
-- ALFA ROMEO (marca_id = 90)
(1365, 90, 'Giulia', NOW(), NOW()),
(1366, 90, 'Stelvio', NOW(), NOW()),
(1367, 90, 'Giulietta', NOW(), NOW()),
(1368, 90, '4C', NOW(), NOW()),
(1369, 90, 'MiTo', NOW(), NOW()),
(1370, 90, '159', NOW(), NOW()),
(1371, 90, 'Brera', NOW(), NOW()),
(1372, 90, 'Spider', NOW(), NOW()),
(1373, 90, 'GT', NOW(), NOW()),
(1374, 90, '147', NOW(), NOW()),
(1375, 90, '156', NOW(), NOW()),
(1376, 90, '164', NOW(), NOW()),
(1377, 90, '155', NOW(), NOW()),
(1378, 90, '145', NOW(), NOW()),
(1379, 90, '33', NOW(), NOW()),
(1380, 90, '75', NOW(), NOW()),
-- LANCIA (marca_id = 91)
(1381, 91, 'Ypsilon', NOW(), NOW()),
(1382, 91, 'Delta', NOW(), NOW()),
(1383, 91, 'Musa', NOW(), NOW()),
(1384, 91, 'Phedra', NOW(), NOW()),
(1385, 91, 'Thesis', NOW(), NOW()),
(1386, 91, 'Lybra', NOW(), NOW()),
(1387, 91, 'Kappa', NOW(), NOW()),
(1388, 91, 'Dedra', NOW(), NOW()),
(1389, 91, 'Thema', NOW(), NOW()),
(1390, 91, 'Prisma', NOW(), NOW()),
(1391, 91, 'Beta', NOW(), NOW()),
(1392, 91, 'Gamma', NOW(), NOW()),
(1393, 91, 'Stratos', NOW(), NOW()),
(1394, 91, 'Fulvia', NOW(), NOW()),
(1395, 91, 'Flaminia', NOW(), NOW()),
(1396, 91, 'Flavia', NOW(), NOW()),
-- SAAB (marca_id = 92)
(1397, 92, '9-3', NOW(), NOW()),
(1398, 92, '9-5', NOW(), NOW()),
(1399, 92, '9-7X', NOW(), NOW()),
(1400, 92, '9-2X', NOW(), NOW()),
(1401, 92, '900', NOW(), NOW()),
(1402, 92, '9000', NOW(), NOW()),
(1403, 92, '99', NOW(), NOW()),
(1404, 92, '96', NOW(), NOW()),
(1405, 92, '95', NOW(), NOW()),
(1406, 92, '93', NOW(), NOW()),
(1407, 92, '92', NOW(), NOW()),
(1408, 92, 'Sonett', NOW(), NOW()),
(1409, 92, 'Sport', NOW(), NOW()),
(1410, 92, 'Combi', NOW(), NOW()),
(1411, 92, 'Viggen', NOW(), NOW()),
(1412, 92, 'Turbo', NOW(), NOW()),
-- SMART (marca_id = 93)
(1413, 93, 'ForTwo', NOW(), NOW()),
(1414, 93, 'ForFour', NOW(), NOW()),
(1415, 93, 'Roadster', NOW(), NOW()),
(1416, 93, 'Crossblade', NOW(), NOW()),
(1417, 93, 'City-Coupe', NOW(), NOW()),
(1418, 93, 'Cabrio', NOW(), NOW()),
(1419, 93, 'Passion', NOW(), NOW()),
(1420, 93, 'Pure', NOW(), NOW()),
(1421, 93, 'Pulse', NOW(), NOW()),
(1422, 93, 'Brabus', NOW(), NOW()),
(1423, 93, 'Electric Drive', NOW(), NOW()),
(1424, 93, 'EQ', NOW(), NOW()),
-- MINI (marca_id = 94)
(1425, 94, 'Cooper', NOW(), NOW()),
(1426, 94, 'Cooper S', NOW(), NOW()),
(1427, 94, 'John Cooper Works', NOW(), NOW()),
(1428, 94, 'Clubman', NOW(), NOW()),
(1429, 94, 'Countryman', NOW(), NOW()),
(1430, 94, 'Paceman', NOW(), NOW()),
(1431, 94, 'Roadster', NOW(), NOW()),
(1432, 94, 'Coupe', NOW(), NOW()),
(1433, 94, 'Convertible', NOW(), NOW()),
(1434, 94, 'One', NOW(), NOW()),
(1435, 94, 'Electric', NOW(), NOW()),
(1436, 94, 'GP', NOW(), NOW()),
(1437, 94, 'Challenge', NOW(), NOW()),
(1438, 94, 'Park Lane', NOW(), NOW()),
(1439, 94, 'Mayfair', NOW(), NOW()),
(1440, 94, 'Camden', NOW(), NOW()),
-- ROLLS-ROYCE (marca_id = 95)
(1441, 95, 'Phantom', NOW(), NOW()),
(1442, 95, 'Ghost', NOW(), NOW()),
(1443, 95, 'Wraith', NOW(), NOW()),
(1444, 95, 'Dawn', NOW(), NOW()),
(1445, 95, 'Cullinan', NOW(), NOW()),
(1446, 95, 'Silver Seraph', NOW(), NOW()),
(1447, 95, 'Corniche', NOW(), NOW()),
(1448, 95, 'Silver Spirit', NOW(), NOW()),
(1449, 95, 'Silver Spur', NOW(), NOW()),
(1450, 95, 'Silver Cloud', NOW(), NOW()),
(1451, 95, 'Silver Shadow', NOW(), NOW()),
(1452, 95, 'Camargue', NOW(), NOW()),
(1453, 95, 'Park Ward', NOW(), NOW()),
(1454, 95, 'Mulliner', NOW(), NOW()),
(1455, 95, 'Bespoke', NOW(), NOW()),
(1456, 95, 'Black Badge', NOW(), NOW()),
-- BENTLEY (marca_id = 96)
(1457, 96, 'Continental GT', NOW(), NOW()),
(1458, 96, 'Continental Flying Spur', NOW(), NOW()),
(1459, 96, 'Bentayga', NOW(), NOW()),
(1460, 96, 'Mulsanne', NOW(), NOW()),
(1461, 96, 'Azure', NOW(), NOW()),
(1462, 96, 'Arnage', NOW(), NOW()),
(1463, 96, 'Brooklands', NOW(), NOW()),
(1464, 96, 'Turbo R', NOW(), NOW()),
(1465, 96, 'Eight', NOW(), NOW()),
(1466, 96, 'Corniche', NOW(), NOW()),
(1467, 96, 'Continental R', NOW(), NOW()),
(1468, 96, 'Continental T', NOW(), NOW()),
(1469, 96, 'Speed', NOW(), NOW()),
(1470, 96, 'Supersports', NOW(), NOW()),
(1471, 96, 'Mulliner', NOW(), NOW()),
(1472, 96, 'Bacalar', NOW(), NOW()),
-- ASTON MARTIN (marca_id = 97)
(1473, 97, 'DB11', NOW(), NOW()),
(1474, 97, 'Vantage', NOW(), NOW()),
(1475, 97, 'DBS Superleggera', NOW(), NOW()),
(1476, 97, 'DBX', NOW(), NOW()),
(1477, 97, 'Rapide', NOW(), NOW()),
(1478, 97, 'DB9', NOW(), NOW()),
(1479, 97, 'V8 Vantage', NOW(), NOW()),
(1480, 97, 'Vanquish', NOW(), NOW()),
(1481, 97, 'One-77', NOW(), NOW()),
(1482, 97, 'Vulcan', NOW(), NOW()),
(1483, 97, 'Valkyrie', NOW(), NOW()),
(1484, 97, 'Victor', NOW(), NOW()),
(1485, 97, 'Valhalla', NOW(), NOW()),
(1486, 97, 'DB5', NOW(), NOW()),
(1487, 97, 'DB6', NOW(), NOW()),
(1488, 97, 'Virage', NOW(), NOW()),
-- MCLAREN (marca_id = 98)
(1489, 98, '720S', NOW(), NOW()),
(1490, 98, '570S', NOW(), NOW()),
(1491, 98, '540C', NOW(), NOW()),
(1492, 98, '600LT', NOW(), NOW()),
(1493, 98, '650S', NOW(), NOW()),
(1494, 98, '675LT', NOW(), NOW()),
(1495, 98, 'P1', NOW(), NOW()),
(1496, 98, 'Senna', NOW(), NOW()),
(1497, 98, 'Speedtail', NOW(), NOW()),
(1498, 98, 'GT', NOW(), NOW()),
(1499, 98, '12C', NOW(), NOW()),
(1500, 98, 'MP4-12C', NOW(), NOW()),
(1501, 98, 'Artura', NOW(), NOW()),
(1502, 98, 'Elva', NOW(), NOW()),
(1503, 98, '765LT', NOW(), NOW()),
(1504, 98, 'Sabre', NOW(), NOW()),
-- KOENIGSEGG (marca_id = 99)
(1505, 99, 'Regera', NOW(), NOW()),
(1506, 99, 'Agera', NOW(), NOW()),
(1507, 99, 'Jesko', NOW(), NOW()),
(1508, 99, 'Gemera', NOW(), NOW()),
(1509, 99, 'CCXR', NOW(), NOW()),
(1510, 99, 'CCX', NOW(), NOW()),
(1511, 99, 'CC8S', NOW(), NOW()),
(1512, 99, 'CCR', NOW(), NOW()),
(1513, 99, 'One:1', NOW(), NOW()),
(1514, 99, 'Agera RS', NOW(), NOW()),
(1515, 99, 'Agera R', NOW(), NOW()),
(1516, 99, 'CCX Edition', NOW(), NOW()),
(1517, 99, 'CCXR Edition', NOW(), NOW()),
(1518, 99, 'Trevita', NOW(), NOW()),
(1519, 99, 'Ghost', NOW(), NOW()),
(1520, 99, 'Absolut', NOW(), NOW()),
-- PAGANI (marca_id = 100)
(1521, 100, 'Huayra', NOW(), NOW()),
(1522, 100, 'Zonda', NOW(), NOW()),
(1523, 100, 'Utopia', NOW(), NOW()),
(1524, 100, 'Huayra BC', NOW(), NOW()),
(1525, 100, 'Huayra Roadster', NOW(), NOW()),
(1526, 100, 'Zonda F', NOW(), NOW()),
(1527, 100, 'Zonda Cinque', NOW(), NOW()),
(1528, 100, 'Zonda R', NOW(), NOW()),
(1529, 100, 'Zonda Tricolore', NOW(), NOW()),
(1530, 100, 'Zonda 760', NOW(), NOW()),
(1531, 100, 'Huayra Imola', NOW(), NOW()),
(1532, 100, 'Codalunga', NOW(), NOW()),
(1533, 100, 'Tempesta', NOW(), NOW()),
(1534, 100, 'Revolucion', NOW(), NOW()),
(1535, 100, 'Barchetta', NOW(), NOW()),
(1536, 100, 'HP Barchetta', NOW(), NOW());


-- ====================================================================
-- RESUMO DO SCRIPT EXECUTADO:
-- ====================================================================
-- ✓ 50 Clientes inseridos (mix de pessoa física e jurídica)
-- ✓ 50 Fornecedores inseridos (mix de pessoa física e jurídica)
-- ✓ 3 Vendedores inseridos
-- ✓ 50 Veículos aleatórios inseridos (diversos modelos, anos, preços)
-- ✓ 2 Tarefas inseridas
-- ✓ 5 Vendas realizadas (veículos: VEI003, VEI017, VEI025, VEI031, VEI042)
-- ✓ 2 Vendas COM parcelas (VEI017: 12x, VEI031: 18x)
-- ✓ 3 Vendas SEM parcelas (pagamento à vista)
-- ✓ 30 Parcelas inseridas (12 + 18)
-- ✓ Status dos veículos vendidos atualizado para "Vendido"

-- ====================================================================
-- 1. CLIENTES (50 registros)
-- ====================================================================
INSERT INTO clientes (id, tipo_cliente, nome, cpf, cnpj, rg, email, telefone, celular, endereco, cidade, estado, cep, numero, complemento, bairro, ativo, observacoes, data_cadastro, data_alteracao) VALUES
(1, 1, 'João Silva Santos', '12345678901', NULL, '1234567890', 'joao.silva@email.com', '1133334444', '11987654321', 'Rua das Flores, 123', 'São Paulo', 'SP', '01234567', '123', 'Apto 45', 'Centro', true, 'Cliente preferenciel', NOW(), NOW()),
(2, 1, 'Maria Oliveira Costa', '23456789012', NULL, '2345678901', 'maria.oliveira@email.com', '1144445555', '11876543210', 'Av. Paulista, 456', 'São Paulo', 'SP', '01310100', '456', NULL, 'Bela Vista', true, 'Boa pagadora', NOW(), NOW()),
(3, 2, 'Transportadora ABC Ltda', NULL, '12345678000123', NULL, 'contato@transportadoraabc.com.br', '1155556666', '11765432109', 'Rua dos Caminhões, 789', 'São Paulo', 'SP', '04567890', '789', 'Galpão 2', 'Vila Industrial', true, 'Empresa parceira', NOW(), NOW()),
(4, 1, 'Carlos Eduardo Pereira', '34567890123', NULL, '3456789012', 'carlos.pereira@email.com', '1166667777', '11654321098', 'Rua do Comércio, 321', 'Rio de Janeiro', 'RJ', '20040020', '321', NULL, 'Centro', true, NULL, NOW(), NOW()),
(5, 1, 'Ana Paula Fernandes', '45678901234', NULL, '4567890123', 'ana.fernandes@email.com', '2177778888', '21543210987', 'Av. Copacabana, 654', 'Rio de Janeiro', 'RJ', '22070011', '654', 'Cobertura', 'Copacabana', true, 'Cliente VIP', NOW(), NOW()),
(6, 2, 'Metalúrgica XYZ S.A.', NULL, '23456789000134', NULL, 'financeiro@metalurgicaxyz.com.br', '1188889999', '11432109876', 'Distrito Industrial, 987', 'São Bernardo do Campo', 'SP', '09876543', '987', 'Bloco A', 'Industrial', true, 'Grande cliente', NOW(), NOW()),
(7, 1, 'Roberto Almeida Junior', '56789012345', NULL, '5678901234', 'roberto.junior@email.com', '1199990000', '11321098765', 'Rua das Palmeiras, 159', 'Belo Horizonte', 'MG', '30120030', '159', NULL, 'Centro', true, NULL, NOW(), NOW()),
(8, 1, 'Fernanda Lima Silva', '67890123456', NULL, '6789012345', 'fernanda.lima@email.com', '3111112222', '31210987654', 'Av. Afonso Pena, 753', 'Belo Horizonte', 'MG', '30130002', '753', 'Sala 1201', 'Centro', true, 'Compradora frequente', NOW(), NOW()),
(9, 1, 'José Carlos Souza', '78901234567', NULL, '7890123456', 'jose.souza@email.com', '4733334444', '47109876543', 'Rua XV de Novembro, 852', 'Blumenau', 'SC', '89010000', '852', NULL, 'Centro', true, NULL, NOW(), NOW()),
(10, 2, 'Construtora Sul Brasil Ltda', NULL, '34567890000145', NULL, 'obras@construtora.com.br', '4744445555', '47098765432', 'Av. Brasil, 1234', 'Florianópolis', 'SC', '88040400', '1234', NULL, 'Trindade', true, 'Obras públicas', NOW(), NOW()),
(11, 1, 'Luciana Santos Pereira', '89012345678', NULL, '8901234567', 'luciana.santos@email.com', '5155556666', '51987654321', 'Rua dos Andradas, 456', 'Porto Alegre', 'RS', '90020007', '456', 'Apto 302', 'Centro Histórico', true, NULL, NOW(), NOW()),
(12, 1, 'Pedro Henrique Costa', '90123456789', NULL, '9012345678', 'pedro.costa@email.com', '6266667777', '62876543210', 'Quadra 102, Conjunto 5', 'Brasília', 'DF', '70330500', '5', NULL, 'Asa Norte', true, 'Cliente Brasília', NOW(), NOW()),
(13, 1, 'Tatiana Rodrigues', '01234567890', NULL, '0123456789', 'tatiana.rodrigues@email.com', '8577778888', '85765432109', 'Rua Barão de Studart, 789', 'Fortaleza', 'CE', '60120002', '789', 'Cobertura', 'Meireles', true, 'Executiva', NOW(), NOW()),
(14, 2, 'Agropecuária Nordeste S.A.', NULL, '45678901000156', NULL, 'vendas@agronordeste.com.br', '8488889999', '84654321098', 'Rod. BR-101, KM 45', 'Natal', 'RN', '59000000', 'KM45', 'Fazenda', 'Rural', true, 'Agronegócio', NOW(), NOW()),
(15, 1, 'Marcos Antonio Silva', '12345678902', NULL, '1234567891', 'marcos.silva@email.com', '7133334444', '71543210987', 'Av. Tancredo Neves, 123', 'Salvador', 'BA', '41820021', '123', 'Torre A', 'Caminho das Árvores', true, NULL, NOW(), NOW()),
(16, 1, 'Amanda Costa Lima', '23456789013', NULL, '2345678902', 'amanda.lima@email.com', '8144445555', '81432109876', 'Rua da Aurora, 456', 'Recife', 'PE', '50050000', '456', NULL, 'Boa Vista', true, 'Designer', NOW(), NOW()),
(17, 1, 'Bruno Ferreira Santos', '34567890124', NULL, '3456789013', 'bruno.ferreira@email.com', '9655556666', '96321098765', 'Av. Nazaré, 789', 'Belém', 'PA', '66035170', '789', NULL, 'Nazaré', true, NULL, NOW(), NOW()),
(18, 2, 'Madeireira Amazônia Ltda', NULL, '56789012000167', NULL, 'comercial@madeireira.com.br', '9266667777', '92210987654', 'Estrada AM-010, KM 25', 'Manaus', 'AM', '69000000', 'KM25', NULL, 'Rural', true, 'Fornecedor madeira', NOW(), NOW()),
(19, 1, 'Cristiane Alves Pereira', '45678901235', NULL, '4567890124', 'cristiane.alves@email.com', '6777778888', '67109876543', 'Rua 14 de Julho, 321', 'Campo Grande', 'MS', '79020000', '321', NULL, 'Centro', true, NULL, NOW(), NOW()),
(20, 1, 'Rafael Oliveira Costa', '56789012346', NULL, '5678901235', 'rafael.oliveira@email.com', '6588889999', '65098765432', 'Av. CPA, 654', 'Cuiabá', 'MT', '78020900', '654', 'Casa 12', 'CPA', true, 'Empresário', NOW(), NOW()),
(21, 1, 'Juliana Santos Rodrigues', '67890123457', NULL, '6789012346', 'juliana.rodrigues@email.com', '6999990000', '69987654321', 'Rua Rio Branco, 987', 'Rio Branco', 'AC', '69900073', '987', NULL, 'Centro', true, NULL, NOW(), NOW()),
(22, 2, 'Frigorífico Centro-Oeste S.A.', NULL, '67890123000178', NULL, 'compras@frigorifico.com.br', '6411112222', '64876543210', 'Rod. BR-153, KM 512', 'Goiânia', 'GO', '74000000', 'KM512', 'Complexo Industrial', 'Industrial', true, 'Frigorífico', NOW(), NOW()),
(23, 1, 'Gustavo Lima Pereira', '78901234568', NULL, '7890123457', 'gustavo.lima@email.com', '6822223333', '68765432109', 'Av. Getúlio Vargas, 147', 'Rio Branco', 'AC', '69900120', '147', NULL, 'Centro', true, NULL, NOW(), NOW()),
(24, 1, 'Patrícia Ferreira Costa', '89012345679', NULL, '8901234568', 'patricia.costa@email.com', '8633334444', '86654321098', 'Rua Frei Serafim, 258', 'Teresina', 'PI', '64001020', '258', 'Apto 201', 'Centro', true, 'Professora', NOW(), NOW()),
(25, 1, 'Leonardo Santos Silva', '90123456780', NULL, '9012345679', 'leonardo.santos@email.com', '9844445555', 'Av. Capixaba, 369', '98543210987', 'São Luís', 'MA', '65020070', '369', NULL, 'Centro', true, NULL, NOW(), NOW()),
(26, 2, 'Cooperativa Agrícola Vale Ltda', NULL, '78901234000189', NULL, 'cooperativa@vale.com.br', '2755556666', '27432109876', 'Rod. ES-010, KM 8', 'Vitória', 'ES', '29000000', 'KM8', 'Cooperativa', 'Rural', true, 'Cooperativa', NOW(), NOW()),
(27, 1, 'Renata Almeida Souza', '01234567891', NULL, '0123456780', 'renata.souza@email.com', '2766667777', '27321098765', 'Rua Jerônimo Monteiro, 741', 'Vitória', 'ES', '29010001', '741', NULL, 'Centro', true, NULL, NOW(), NOW()),
(28, 1, 'Diego Costa Pereira', '12345678903', NULL, '1234567892', 'diego.pereira@email.com', '3277778888', '32210987654', 'Av. Rio Branco, 852', 'Juiz de Fora', 'MG', '36013020', '852', 'Sala 501', 'Centro', true, 'Advogado', NOW(), NOW()),
(29, 1, 'Camila Lima Santos', '23456789014', NULL, '2345678903', 'camila.santos@email.com', '1988889999', '19109876543', 'Rua 13 de Maio, 963', 'Campinas', 'SP', '13010111', '963', NULL, 'Centro', true, NULL, NOW(), NOW()),
(30, 2, 'Indústria Química Brasil S.A.', NULL, '89012345000190', NULL, 'vendas@quimicabrasil.com.br', '1199990000', '11098765432', 'Via Anhanguera, KM 102', 'Campinas', 'SP', '13000000', 'KM102', 'Planta Industrial', 'Industrial', true, 'Indústria química', NOW(), NOW()),
(31, 1, 'Thiago Rodrigues Lima', '34567890125', NULL, '3456789014', 'thiago.lima@email.com', '1511112222', '15987654321', 'Rua Floriano Peixoto, 147', 'Sorocaba', 'SP', '18010330', '147', NULL, 'Centro', true, NULL, NOW(), NOW()),
(32, 1, 'Vanessa Santos Costa', '45678901236', NULL, '4567890125', 'vanessa.costa@email.com', '1722223333', '17876543210', 'Av. Bady Bassitt, 258', 'São José do Rio Preto', 'SP', '15025400', '258', 'Casa 7', 'Vila Redentora', true, 'Médica', NOW(), NOW()),
(33, 1, 'Rodrigo Alves Pereira', '56789012347', NULL, '5678901236', 'rodrigo.pereira@email.com', '1433334444', '14765432109', 'Rua Sete de Setembro, 369', 'Bauru', 'SP', '17015130', '369', NULL, 'Centro', true, NULL, NOW(), NOW()),
(34, 1, 'Adriana Costa Silva', '67890123458', NULL, '6789012347', 'adriana.silva@email.com', '1644445555', '16654321098', 'Av. Francisco Junqueira, 741', 'Ribeirão Preto', 'SP', '14025450', '741', 'Apto 1203', 'Jardim Irajá', true, 'Dentista', NOW(), NOW()),
(35, 2, 'Papel e Celulose Nacional Ltda', NULL, '90123456000101', NULL, 'suprimentos@papel.com.br', '1255556666', '12543210987', 'Rod. Presidente Dutra, KM 156', 'São José dos Campos', 'SP', '12000000', 'KM156', 'Fábrica', 'Industrial', true, 'Papel e celulose', NOW(), NOW()),
(36, 1, 'Márcio Lima Costa', '78901234569', NULL, '7890123458', 'marcio.costa@email.com', '1366667777', '13432109876', 'Rua Barão de Jaguara, 852', 'Campinas', 'SP', '13010000', '852', NULL, 'Centro', true, NULL, NOW(), NOW()),
(37, 1, 'Simone Pereira Santos', '89012345680', NULL, '8901234569', 'simone.santos@email.com', '1977778888', '19321098765', 'Av. Norte Sul, 963', 'Americana', 'SP', '13465000', '963', 'Sobrado', 'Vila Americana', true, 'Comerciante', NOW(), NOW()),
(38, 1, 'Fábio Santos Lima', '90123456781', NULL, '9012345680', 'fabio.lima@email.com', '1888889999', '18210987654', 'Rua Rui Barbosa, 147', 'Presidente Prudente', 'SP', '19010220', '147', NULL, 'Centro', true, NULL, NOW(), NOW()),
(39, 1, 'Carla Rodrigues Costa', '01234567892', NULL, '0123456781', 'carla.costa@email.com', '1799990000', '17109876543', 'Av. Higienópolis, 258', 'Marília', 'SP', '17515900', '258', NULL, 'Higienópolis', true, 'Psicóloga', NOW(), NOW()),
(40, 2, 'Atacadista Regional Ltda', NULL, '01234567000112', NULL, 'compras@atacadista.com.br', '4333334444', '43098765432', 'Rua Marechal Deodoro, 369', 'Londrina', 'PR', '86020030', '369', 'Centro de Distribuição', 'Centro', true, 'Atacadista', NOW(), NOW()),
(41, 1, 'Eduardo Costa Pereira', '12345678904', NULL, '1234567893', 'eduardo.pereira@email.com', '4244445555', '42987654321', 'Av. Vicente Machado, 741', 'Ponta Grossa', 'PR', '84010000', '741', NULL, 'Centro', true, NULL, NOW(), NOW()),
(42, 1, 'Mônica Lima Santos', '23456789015', NULL, '2345678904', 'monica.santos@email.com', '4555556666', '45876543210', 'Rua Brasil, 852', 'Cascavel', 'PR', '85801040', '852', 'Casa 15', 'Centro', true, 'Enfermeira', NOW(), NOW()),
(43, 1, 'Alexandre Santos Costa', '34567890126', NULL, '3456789015', 'alexandre.costa@email.com', '4466667777', '44765432109', 'Av. Duque de Caxias, 963', 'Maringá', 'PR', '87020025', '963', NULL, 'Centro', true, NULL, NOW(), NOW()),
(44, 1, 'Priscila Alves Lima', '45678901237', NULL, '4567890126', 'priscila.lima@email.com', '4777778888', '47654321098', 'Rua Rio Branco, 147', 'Joinville', 'SC', '89201200', '147', 'Apto 804', 'América', true, 'Arquiteta', NOW(), NOW()),
(45, 1, 'Daniel Costa Santos', '56789012348', NULL, '5678901237', 'daniel.santos@email.com', '4888889999', '48543210987', 'Av. Atlântica, 258', 'Balneário Camboriú', 'SC', '88330000', '258', 'Cobertura', 'Centro', true, 'Empresário turismo', NOW(), NOW()),
(46, 2, 'Distribuidora Sul Brasil Ltda', NULL, '12345678040193', NULL, 'vendas@distribuidora.com.br', '5499990000', '54432109876', 'RS-020, KM 15', 'Caxias do Sul', 'RS', '95000000', 'KM15', NULL, 'Distrito Industrial', true, 'Distribuidora', NOW(), NOW()),
(47, 1, 'Isabela Pereira Costa', '67890123459', NULL, '6789012348', 'isabela.costa@email.com', '5311112222', '53321098765', 'Av. Ipiranga, 369', 'Porto Alegre', 'RS', '90160093', '369', 'Sala 1205', 'Centro', true, 'Contadora', NOW(), NOW()),
(48, 1, 'Vinícius Lima Santos', '78901234570', NULL, '7890123459', 'vinicius.santos@email.com', '5422223333', '54210987654', 'Rua Pinheiro Machado, 741', 'Santa Maria', 'RS', '97010001', '741', NULL, 'Centro', true, NULL, NOW(), NOW()),
(49, 1, 'Larissa Santos Lima', '89012345681', NULL, '8901234570', 'larissa.lima@email.com', '5533334444', '55109876543', 'Av. Brasil, 852', 'Pelotas', 'RS', '96010610', '852', 'Casa 23', 'Centro', true, 'Veterinária', NOW(), NOW()),
(50, 1, 'Gabriel Costa Pereira', '90123456782', NULL, '9012345681', 'gabriel.pereira@email.com', '5144445555', '51098765432', 'Rua da Praia, 963', 'Porto Alegre', 'RS', '90010001', '963', NULL, 'Centro Histórico', true, 'Jornalista', NOW(), NOW());

-- ====================================================================
-- 2. FORNECEDORES (50 registros)
-- ====================================================================
INSERT INTO fornecedores (id, tipo_fornecedor, nome, cpf, cnpj, rg, email, telefone, celular, endereco, cidade, estado, cep, numero, complemento, bairro, ativo, observacoes, data_cadastro, data_alteracao) VALUES
(1, 2, 'Auto Peças Brasil Ltda', NULL, '11111111000111', NULL, 'vendas@autopecasbrasil.com.br', '1133331111', '11911111111', 'Rua das Oficinas, 100', 'São Paulo', 'SP', '03001000', '100', 'Galpão 1', 'Brás', true, 'Fornecedor principal de peças', NOW(), NOW()),
(2, 2, 'Tintas e Vernizes São Paulo S.A.', NULL, '22222222000222', NULL, 'comercial@tintas.com.br', '1144442222', '11922222222', 'Av. Industrial, 200', 'São Paulo', 'SP', '08010000', '200', NULL, 'Vila Industrial', true, 'Fornecedor de tintas automotivas', NOW(), NOW()),
(3, 1, 'José Mecânico Silva', '11111111111', NULL, '1111111111', 'jose.mecanico@email.com', '1155553333', '11933333333', 'Rua do Conserto, 300', 'São Paulo', 'SP', '04020000', '300', 'Oficina', 'Vila Olímpia', true, 'Mecânico especializado', NOW(), NOW()),
(4, 2, 'Pneus e Rodas Express Ltda', NULL, '33333333000333', NULL, 'atendimento@pneusexpress.com.br', '1166664444', '11944444444', 'Av. dos Pneus, 400', 'São Paulo', 'SP', '02030000', '400', NULL, 'Santana', true, 'Distribuidor de pneus', NOW(), NOW()),
(5, 2, 'Elétrica Automotiva Nacional', NULL, '44444444000444', NULL, 'vendas@eletricauto.com.br', '1177775555', '11955555555', 'Rua da Energia, 500', 'Guarulhos', 'SP', '07000000', '500', 'Loja', 'Centro', true, 'Peças elétricas automotivas', NOW(), NOW()),
(6, 1, 'Maria das Graças Lanternagem', '22222222222', NULL, '2222222222', 'maria.lanternagem@email.com', '1188886666', '11966666666', 'Rua do Reparo, 600', 'Santo André', 'SP', '09000000', '600', NULL, 'Centro', true, 'Lanterneira e pintora', NOW(), NOW()),
(7, 2, 'Vidros Automotivos Premium', NULL, '55555555000555', NULL, 'contato@vidrospremium.com.br', '1199997777', '11977777777', 'Av. do Vidro, 700', 'São Caetano do Sul', 'SP', '09500000', '700', 'Showroom', 'Centro', true, 'Vidros e películas', NOW(), NOW()),
(8, 2, 'Som & Acessórios Car System', NULL, '66666666000666', NULL, 'som@carsystem.com.br', '1111118888', '11988888888', 'Rua do Som, 800', 'Osasco', 'SP', '06000000', '800', NULL, 'Centro', true, 'Som automotivo', NOW(), NOW()),
(9, 1, 'Carlos Borracheiro Santos', '33333333333', NULL, '3333333333', 'carlos.borracheiro@email.com', '1122229999', '11999999999', 'Rua do Pneu, 900', 'São Bernardo do Campo', 'SP', '09600000', '900', 'Borracharia', 'Industrial', true, 'Serviços de pneus 24h', NOW(), NOW()),
(10, 2, 'Combustíveis e Lubrificantes Rio', NULL, '77777777000777', NULL, 'vendas@combustiveisrio.com.br', '2111111000', '21900000001', 'Av. das Américas, 1000', 'Rio de Janeiro', 'RJ', '22640100', '1000', NULL, 'Barra da Tijuca', true, 'Distribuidor de combustíveis', NOW(), NOW()),
(11, 2, 'Freios e Embreagens Técnica Ltda', NULL, '88888888000888', NULL, 'tecnica@freios.com.br', '2122222111', '21911111112', 'Rua da Segurança, 1100', 'Rio de Janeiro', 'RJ', '20040020', '1100', 'Oficina especializada', 'Centro', true, 'Especialista em freios', NOW(), NOW()),
(12, 1, 'Roberto Eletricista Automotivo', '44444444444', NULL, '4444444444', 'roberto.eletricista@email.com', '2133333222', '21922222223', 'Rua dos Circuitos, 1200', 'Niterói', 'RJ', '24020000', '1200', NULL, 'Centro', true, 'Eletricista 30 anos experiência', NOW(), NOW()),
(13, 2, 'Escapamentos Premium Rio', NULL, '99999999000999', NULL, 'premium@escapamentos.com.br', '2144444333', '21933333334', 'Av. do Escapamento, 1300', 'Nova Iguaçu', 'RJ', '26000000', '1300', NULL, 'Centro', true, 'Escapamentos esportivos', NOW(), NOW()),
(14, 2, 'Ar Condicionado Automotivo BH', NULL, '10101010001010', NULL, 'clima@arcondicionado.com.br', '3155555444', '31944444445', 'Rua do Clima, 1400', 'Belo Horizonte', 'MG', '30112000', '1400', 'Centro automotivo', 'Savassi', true, 'Climatização automotiva', NOW(), NOW()),
(15, 1, 'Ana Estofadora Profissional', '55555555555', NULL, '5555555555', 'ana.estofados@email.com', '3166666555', '31955555556', 'Rua do Estofado, 1500', 'Belo Horizonte', 'MG', '30130001', '1500', 'Ateliê', 'Centro', true, 'Estofados de couro', NOW(), NOW()),
(16, 2, 'Suspensão & Direção Sul', NULL, '12121212001212', NULL, 'sul@suspensao.com.br', '4777777666', '47966666667', 'Av. da Direção, 1600', 'Joinville', 'SC', '89201000', '1600', NULL, 'América', true, 'Suspensão e alinhamento', NOW(), NOW()),
(17, 2, 'Radiadores do Sul Ltda', NULL, '13131313001313', NULL, 'radiadores@drosul.com.br', '5188888777', '51977777778', 'Rua do Resfriamento, 1700', 'Porto Alegre', 'RS', '90010000', '1700', 'Oficina', 'Centro', true, 'Radiadores e sistema arrefecimento', NOW(), NOW()),
(18, 1, 'Pedro Pintor Automotivo', '66666666666', NULL, '6666666666', 'pedro.pintor@email.com', '5199999888', '51988888889', 'Rua das Cores, 1800', 'Canoas', 'RS', '92000000', '1800', 'Cabine de pintura', 'Centro', true, 'Pintura automotiva premium', NOW(), NOW()),
(19, 2, 'Baterias & Energia Nordeste', NULL, '14141414001414', NULL, 'energia@bateriasne.com.br', '8511111999', '85999999990', 'Av. da Energia, 1900', 'Fortaleza', 'CE', '60000000', '1900', NULL, 'Centro', true, 'Baterias automotivas', NOW(), NOW()),
(20, 2, 'Alarmes & Segurança Bahia', NULL, '15151515001515', NULL, 'seguranca@alarmesbahia.com.br', '7122222000', '71900000001', 'Rua da Proteção, 2000', 'Salvador', 'BA', '40000000', '2000', 'Central', 'Pituba', true, 'Sistemas de segurança', NOW(), NOW()),
(21, 1, 'Luiz Soldador Especialista', '77777777777', NULL, '7777777777', 'luiz.soldador@email.com', '7133333111', '71911111112', 'Rua da Solda, 2100', 'Salvador', 'BA', '41000000', '2100', 'Oficina', 'Itapuã', true, 'Soldador com certificação', NOW(), NOW()),
(22, 2, 'Filtros Automotivos Brasil', NULL, '16161616001616', NULL, 'filtros@brasil.com.br', '1144444222', '11922222223', 'Av. do Filtro, 2200', 'São Paulo', 'SP', '05000000', '2200', NULL, 'Lapa', true, 'Filtros de ar, óleo e combustível', NOW(), NOW()),
(23, 2, 'Mangueiras & Conexões Ltda', NULL, '17171717001717', NULL, 'mangueiras@conexoes.com.br', '1155555333', '11933333334', 'Rua das Conexões, 2300', 'São Paulo', 'SP', '03000000', '2300', 'Depósito', 'Moóca', true, 'Mangueiras hidráulicas', NOW(), NOW()),
(24, 1, 'Francisco Tapeceiro Automotivo', '88888888888', NULL, '8888888888', 'francisco.tapeceiro@email.com', '1166666444', '11944444445', 'Rua do Banco, 2400', 'São Paulo', 'SP', '01000000', '2400', NULL, 'Centro', true, 'Bancos de couro', NOW(), NOW()),
(25, 2, 'Rolamentos & Retentores Técnica', NULL, '18181818001818', NULL, 'tecnica@rolamentos.com.br', '1177777555', '11955555556', 'Av. da Precisão, 2500', 'São Paulo', 'SP', '08000000', '2500', NULL, 'Tatuapé', true, 'Rolamentos industriais', NOW(), NOW()),
(26, 2, 'Correntes & Engrenagens Motor', NULL, '19191919001919', NULL, 'motor@correntes.com.br', '1188888666', '11966666667', 'Rua da Transmissão, 2600', 'São Paulo', 'SP', '02000000', '2600', 'Loja técnica', 'Santana', true, 'Peças de transmissão', NOW(), NOW()),
(27, 1, 'Sandra Costureira Automotiva', '99999999999', NULL, '9999999999', 'sandra.costureira@email.com', '1199999777', '11977777778', 'Rua do Acabamento, 2700', 'São Paulo', 'SP', '04000000', '2700', 'Ateliê', 'Vila Madalena', true, 'Capas e acessórios', NOW(), NOW()),
(28, 2, 'Parafusos & Porcas Automotivas', NULL, '20202020002020', NULL, 'parafusos@porcas.com.br', '1111110888', '11988888889', 'Av. da Fixação, 2800', 'São Paulo', 'SP', '09000000', '2800', NULL, 'ABC', true, 'Fixadores automotivos', NOW(), NOW()),
(29, 2, 'Polimento & Enceramento Premium', NULL, '21212121002121', NULL, 'premium@polimento.com.br', '1122221999', '11999999990', 'Rua do Brilho, 2900', 'São Paulo', 'SP', '05000000', '2900', 'Centro estético', 'Perdizes', true, 'Estética automotiva', NOW(), NOW()),
(30, 1, 'Antonio Borracheiro 24h', '10101010101', NULL, '1010101010', 'antonio.borracheiro@email.com', '2133332000', '21900000002', 'Av. 24 Horas, 3000', 'Rio de Janeiro', 'RJ', '22000000', '3000', NULL, 'Copacabana', true, 'Atendimento 24 horas', NOW(), NOW()),
(31, 2, 'Câmbio & Diferencial Rio', NULL, '22222222002222', NULL, 'cambio@diferencial.com.br', '2144443111', '21911111113', 'Rua da Transmissão, 3100', 'Rio de Janeiro', 'RJ', '20000000', '3100', 'Oficina especializada', 'Tijuca', true, 'Recondicionamento câmbios', NOW(), NOW()),
(32, 2, 'Amortecedores RJ Premium', NULL, '23232323002323', NULL, 'rj@amortecedores.com.br', '2155554222', '21922222224', 'Av. do Conforto, 3200', 'Rio de Janeiro', 'RJ', '21000000', '3200', NULL, 'Zona Norte', true, 'Amortecedores importados', NOW(), NOW()),
(33, 1, 'Helena Limpeza Automotiva', '12121212121', NULL, '1212121212', 'helena.limpeza@email.com', '2166665333', '21933333335', 'Rua da Limpeza, 3300', 'Rio de Janeiro', 'RJ', '23000000', '3300', 'Car Wash', 'Barra', true, 'Enceramento e lavagem', NOW(), NOW()),
(34, 2, 'Catalisadores & Filtros RJ', NULL, '24242424002424', NULL, 'catalisadores@rj.com.br', '2177776444', '21944444446', 'Av. da Purificação, 3400', 'Rio de Janeiro', 'RJ', '24000000', '3400', NULL, 'Niterói', true, 'Catalisadores e DPF', NOW(), NOW()),
(35, 2, 'Turbo & Injeção Eletrônica MG', NULL, '25252525002525', NULL, 'turbo@injecao.com.br', '3188887555', '31955555557', 'Rua da Potência, 3500', 'Belo Horizonte', 'MG', '30000000', '3500', 'Centro técnico', 'Funcionários', true, 'Turbo e injeção', NOW(), NOW()),
(36, 1, 'Marcos Alinhamento Especialista', '13131313131', NULL, '1313131313', 'marcos.alinhamento@email.com', '3199998666', '31966666668', 'Av. do Alinhamento, 3600', 'Belo Horizonte', 'MG', '31000000', '3600', NULL, 'Pampulha', true, 'Geometria e balanceamento', NOW(), NOW()),
(37, 2, 'Diesel & Injetores BH', NULL, '26262626002626', NULL, 'diesel@injetores.com.br', '3111119777', '31977777779', 'Rua do Diesel, 3700', 'Belo Horizonte', 'MG', '32000000', '3700', 'Oficina diesel', 'Contagem', true, 'Sistemas diesel', NOW(), NOW()),
(38, 2, 'Capôs & Para-choques Sul', NULL, '27272727002727', NULL, 'capos@parachoques.com.br', '4722220888', '47988888880', 'Av. da Lataria, 3800', 'Joinville', 'SC', '89000000', '3800', NULL, 'Centro', true, 'Peças de lataria', NOW(), NOW()),
(39, 1, 'Cristina Customização Auto', '14141414141', NULL, '1414141414', 'cristina.custom@email.com', '4733331999', '47999999991', 'Rua da Personalização, 3900', 'Blumenau', 'SC', '89000000', '3900', 'Oficina custom', 'Victor Konder', true, 'Personalização veículos', NOW(), NOW()),
(40, 2, 'Cromados & Inox Automotivo', NULL, '28282828002828', NULL, 'cromados@inox.com.br', '5144442000', '51900000003', 'Av. do Brilho, 4000', 'Porto Alegre', 'RS', '90000000', '4000', NULL, 'Menino Deus', true, 'Cromados e acessórios inox', NOW(), NOW()),
(41, 2, 'Xenon & LED Automotivo', NULL, '29292929002929', NULL, 'xenon@led.com.br', '5155553111', '51911111114', 'Rua da Iluminação, 4100', 'Porto Alegre', 'RS', '91000000', '4100', 'Loja especializada', 'Zona Sul', true, 'Faróis xenon e LED', NOW(), NOW()),
(42, 1, 'João Mecânico Diesel', '15151515151', NULL, '1515151515', 'joao.diesel@email.com', '5166664222', '51922222225', 'Av. dos Caminhões, 4200', 'Porto Alegre', 'RS', '92000000', '4200', 'Oficina pesados', 'Sarandi', true, 'Especialista veículos pesados', NOW(), NOW()),
(43, 2, 'Palhetas & Limpadores RS', NULL, '30303030003030', NULL, 'palhetas@rs.com.br', '5177775333', '51933333336', 'Rua da Visão, 4300', 'Porto Alegre', 'RS', '93000000', '4300', NULL, 'Zona Norte', true, 'Palhetas e limpadores', NOW(), NOW()),
(44, 2, 'Reboque & Engate Premium', NULL, '31313131003131', NULL, 'reboque@engate.com.br', '6288886444', '62944444447', 'Av. do Reboque, 4400', 'Goiânia', 'GO', '74000000', '4400', 'Centro de instalação', 'Setor Central', true, 'Engates e reboques', NOW(), NOW()),
(45, 1, 'Silvia Decoração Automotiva', '16161616161', NULL, '1616161616', 'silvia.decoracao@email.com', '6299997555', '62955555558', 'Rua do Design, 4500', 'Goiânia', 'GO', '75000000', '4500', 'Ateliê', 'Setor Oeste', true, 'Decoração interna veículos', NOW(), NOW()),
(46, 2, 'Motores Recondicionados GO', NULL, '32323232003232', NULL, 'motores@recondicionados.com.br', '6211118666', '62966666669', 'Av. dos Motores, 4600', 'Goiânia', 'GO', '76000000', '4600', 'Fábrica', 'Distrito Industrial', true, 'Motores recondicionados', NOW(), NOW()),
(47, 2, 'GPS & Multimídia Automotiva', NULL, '33333333003333', NULL, 'gps@multimidia.com.br', '8522229777', '85977777770', 'Rua da Tecnologia, 4700', 'Fortaleza', 'CE', '60000000', '4700', 'Loja tech', 'Aldeota', true, 'Centrais multimídia', NOW(), NOW()),
(48, 1, 'Raimundo Eletricista Cearense', '17171717171', NULL, '1717171717', 'raimundo.eletricista@email.com', '8533330888', '85988888881', 'Av. da Corrente, 4800', 'Fortaleza', 'CE', '61000000', '4800', 'Oficina', 'Centro', true, 'Eletricista automotivo', NOW(), NOW()),
(49, 2, 'Insulfilm & Películas CE', NULL, '34343434003434', NULL, 'insulfilm@peliculas.com.br', '8544441999', '85999999992', 'Rua da Proteção Solar, 4900', 'Fortaleza', 'CE', '62000000', '4900', NULL, 'Messejana', true, 'Películas automotivas', NOW(), NOW()),
(50, 2, 'Lavagem Ecológica Bahia', NULL, '35353535003535', NULL, 'lavagem@ecologica.com.br', '7155552000', '71900000004', 'Av. da Sustentabilidade, 5000', 'Salvador', 'BA', '40000000', '5000', 'Eco Wash', 'Barra', true, 'Lavagem sem água', NOW(), NOW());

-- ====================================================================
-- 3. VENDEDORES (3 registros)
-- ====================================================================
INSERT INTO vendedores (id, nome, cpf, email, telefone, celular, percentual_comissao, meta, ativo, data_cadastro, data_alteracao) VALUES
(1, 'Carlos Alberto Vendas', '12312312312', 'carlos.vendas@autogestao.com.br', '1133445566', '11988776655', 5.50, 50000.00, true, NOW(), NOW()),
(2, 'Mariana Santos Comercial', '32132132132', 'mariana.comercial@autogestao.com.br', '1144556677', '11977665544', 6.00, 45000.00, true, NOW(), NOW()),
(3, 'Roberto Silva Negócios', '45645645645', 'roberto.negocios@autogestao.com.br', '1155667788', '11966554433', 4.75, 55000.00, true, NOW(), NOW());

-- ====================================================================
-- 4. VEÍCULOS ALEATÓRIOS (50 registros)
-- ====================================================================
INSERT INTO veiculos (id, codigo, combustivel, cambio, situacao, status_veiculo, tipo_veiculo, especie, portas, pericia_cautelar, motorizacao, ano_fabricacao, ano_modelo, placa, km_saida, chassi, renavam, quilometragem, preco_compra, preco_venda, observacoes, opcionais, data_saida, proprietario_id, veiculo_cor_id, veiculo_filial_id, veiculo_localizacao_id, veiculo_marca_id, veiculo_marca_modelo_id, data_cadastro, data_alteracao) VALUES
(1, 'VEI001', 1, 1, 1, 1, 1, 2, 4, 1, '1.0', 2018, 2019, 'ABC1234', 0, '12345678901234567', '12345678901', 45000, 35000.00, 42000.00, 'Veículo em excelente estado', 'Ar condicionado, direção hidráulica', NULL, 1, 5, 1, 1, 1, 1, NOW(), NOW()),
(2, 'VEI002', 2, 2, 1, 1, 1, 2, 4, 1, '1.6', 2020, 2021, 'DEF5678', 0, '23456789012345678', '23456789012', 32000, 48000.00, 55000.00, 'Veículo completo', 'Central multimídia, câmera de ré', NULL, 2, 19, 1, 1, 2, 14, NOW(), NOW()),
(3, 'VEI003', 1, 1, 1, 1, 1, 2, 2, 1, '1.4', 2019, 2020, 'GHI9012', 0, '34567890123456789', '34567890123', 38000, 42000.00, 48000.00, 'Economico', 'Vidro elétrico, trava elétrica', NULL, 3, 8, 1, 1, 3, 48, NOW(), NOW()),
(4, 'VEI004', 3, 1, 1, 1, 2, 2, 4, 1, '2.0', 2021, 2022, 'JKL3456', 0, '45678901234567890', '45678901234', 25000, 65000.00, 72000.00, 'SUV flex', 'Bancos de couro, teto solar', NULL, 4, 12, 1, 1, 4, 125, NOW(), NOW()),
(5, 'VEI005', 1, 2, 1, 1, 1, 2, 4, 1, '1.0', 2017, 2018, 'MNO7890', 0, '56789012345678901', '56789012345', 52000, 28000.00, 33000.00, 'Primeiro carro', 'Básico', NULL, 5, 15, 1, 1, 1, 2, NOW(), NOW()),
(6, 'VEI006', 4, 1, 1, 1, 2, 2, 4, 1, '1.8', 2022, 2023, 'PQR1234', 0, '67890123456789012', '67890123456', 18000, 72000.00, 78000.00, 'Híbrido', 'Full opcional', NULL, 6, 18, 1, 1, 5, 91, NOW(), NOW()),
(7, 'VEI007', 2, 2, 1, 1, 1, 2, 2, 1, '1.6', 2019, 2020, 'STU5678', 0, '78901234567890123', '78901234567', 41000, 38000.00, 44000.00, 'Hatch esportivo', 'Rodas esportivas, som premium', NULL, 7, 26, 1, 1, 3, 51, NOW(), NOW()),
(8, 'VEI008', 1, 1, 1, 1, 3, 5, 0, 1, '2.5', 2020, 2021, 'VWX9012', 0, '89012345678901234', '89012345678', 35000, 85000.00, 92000.00, 'Caminhonete', 'Cabine dupla, carroceria', NULL, 8, 3, 1, 1, 3, 47, NOW(), NOW()),
(9, 'VEI009', 3, 1, 1, 1, 1, 2, 4, 1, '1.4', 2018, 2019, 'YZA3456', 0, '90123456789012345', '90123456789', 46000, 36000.00, 41000.00, 'Flex completo', 'Ar digital, GPS', NULL, 9, 2, 1, 1, 4, 124, NOW(), NOW()),
(10, 'VEI010', 2, 2, 1, 1, 1, 2, 4, 1, '2.0', 2021, 2022, 'BCD7890', 0, '01234567890123456', '01234567890', 28000, 58000.00, 64000.00, 'Sedan premium', 'Couro, xenon', NULL, 10, 19, 1, 1, 2, 15, NOW(), NOW()),
(11, 'VEI011', 1, 1, 1, 1, 1, 10, 0, 1, '150', 2020, 2021, 'EFG1234', 0, '12345678901234568', '12345678902', 22000, 18000.00, 22000.00, 'Moto trail', 'Baú, protetor', NULL, 11, 19, 1, 1, 46, 789, NOW(), NOW()),
(12, 'VEI012', 3, 1, 1, 1, 1, 2, 4, 1, '1.6', 2019, 2020, 'HIJ5678', 0, '23456789012345679', '23456789013', 39000, 41000.00, 47000.00, 'Automático flex', 'Piloto automático, sensores', NULL, 12, 11, 1, 1, 6, 123, NOW(), NOW()),
(13, 'VEI013', 1, 1, 1, 1, 2, 2, 4, 1, '3.0', 2022, 2023, 'KLM9012', 0, '34567890123456780', '34567890124', 15000, 95000.00, 105000.00, 'SUV grande', 'Terceira fileira, premium', NULL, 13, 8, 1, 1, 12, 185, NOW(), NOW()),
(14, 'VEI014', 2, 2, 1, 1, 1, 2, 2, 1, '1.0', 2017, 2018, 'NOP3456', 0, '45678901234567891', '45678901235', 54000, 26000.00, 31000.00, 'Compacto', 'Economico urbano', NULL, 14, 25, 1, 1, 1, 3, NOW(), NOW()),
(15, 'VEI015', 1, 1, 1, 1, 2, 2, 4, 1, '2.4', 2021, 2022, 'QRS7890', 0, '56789012345678902', '56789012346', 26000, 78000.00, 85000.00, 'Pick-up', 'Cabine dupla 4x4', NULL, 15, 15, 1, 1, 16, 241, NOW(), NOW()),
(16, 'VEI016', 3, 1, 1, 1, 1, 2, 4, 1, '1.8', 2020, 2021, 'TUV1234', 0, '67890123456789013', '67890123457', 33000, 52000.00, 58000.00, 'Sedan médio', 'Comfort plus', NULL, 16, 2, 1, 1, 7, 140, NOW(), NOW()),
(17, 'VEI017', 1, 2, 1, 1, 1, 2, 4, 1, '1.3', 2018, 2019, 'WXY5678', 0, '78901234567890124', '78901234568', 47000, 34000.00, 39000.00, 'Automático básico', 'Ar condicionado', NULL, 17, 5, 1, 1, 4, 127, NOW(), NOW()),
(18, 'VEI018', 2, 1, 1, 1, 2, 2, 4, 1, '2.2', 2022, 2023, 'ZAB9012', 0, '89012345678901235', '89012345679', 12000, 88000.00, 96000.00, 'SUV médio', 'Diesel automático', NULL, 18, 12, 1, 1, 16, 244, NOW(), NOW()),
(19, 'VEI019', 1, 1, 1, 1, 1, 2, 2, 1, '1.6', 2019, 2020, 'CDE3456', 0, '90123456789012346', '90123456780', 40000, 40000.00, 45000.00, 'Hatch médio', 'Conectividade', NULL, 19, 18, 1, 1, 8, 147, NOW(), NOW()),
(20, 'VEI020', 1, 1, 1, 1, 1, 2, 4, 1, '1.5', 2021, 2022, 'FGH7890', 0, '01234567890123457', '01234567891', 29000, 46000.00, 52000.00, 'Sedan compacto', 'Eficiente', NULL, 20, 26, 1, 1, 8, 149, NOW(), NOW()),
(21, 'VEI021', 3, 1, 1, 1, 1, 2, 4, 1, '1.4', 2020, 2021, 'IJK1234', 0, '12345678901234569', '12345678903', 31000, 44000.00, 50000.00, 'Flex turbo', 'Turbo, esportivo', NULL, 21, 9, 1, 1, 3, 49, NOW(), NOW()),
(22, 'VEI022', 1, 2, 1, 1, 1, 2, 4, 1, '2.0', 2019, 2020, 'LMN5678', 0, '23456789012345680', '23456789014', 37000, 54000.00, 61000.00, 'Automático premium', 'Top de linha', NULL, 22, 19, 1, 1, 9, 153, NOW(), NOW()),
(23, 'VEI023', 2, 1, 1, 1, 2, 2, 4, 1, '1.6', 2022, 2023, 'OPQ9012', 0, '34567890123456781', '34567890125', 16000, 68000.00, 74000.00, 'SUV compacto', 'Crossover moderno', NULL, 23, 1, 1, 1, 15, 225, NOW(), NOW()),
(24, 'VEI024', 1, 1, 1, 1, 1, 2, 2, 1, '1.0', 2017, 2018, 'RST3456', 0, '45678901234567892', '45678901236', 55000, 24000.00, 29000.00, 'Básico confiável', 'Simples e econômico', NULL, 24, 5, 1, 1, 1, 1, NOW(), NOW()),
(25, 'VEI025', 1, 1, 1, 1, 1, 2, 4, 1, '1.8', 2021, 2022, 'UVW7890', 0, '56789012345678903', '56789012347', 27000, 56000.00, 62000.00, 'Médio porte', 'Conforto familiar', NULL, 25, 8, 1, 1, 5, 93, NOW(), NOW()),
(26, 'VEI026', 3, 2, 1, 1, 1, 2, 4, 1, '1.4', 2018, 2019, 'XYZ1234', 0, '67890123456789014', '67890123458', 43000, 37000.00, 42000.00, 'Flex automático', 'Câmbio CVT', NULL, 26, 15, 1, 1, 4, 128, NOW(), NOW()),
(27, 'VEI027', 1, 1, 1, 1, 2, 2, 4, 1, '2.5', 2020, 2021, 'ABC5678', 0, '78901234567890125', '78901234569', 34000, 75000.00, 82000.00, 'SUV grande flex', '7 lugares', NULL, 27, 3, 1, 1, 7, 141, NOW(), NOW()),
(28, 'VEI028', 2, 1, 1, 1, 1, 2, 4, 1, '1.6', 2019, 2020, 'DEF9012', 0, '89012345678901236', '89012345680', 38000, 43000.00, 49000.00, 'Etanol otimizado', 'Econômico', NULL, 28, 22, 1, 1, 10, 161, NOW(), NOW()),
(29, 'VEI029', 1, 2, 1, 1, 1, 2, 2, 1, '1.2', 2021, 2022, 'GHI3456', 0, '90123456789012347', '90123456781', 24000, 38000.00, 44000.00, 'Automático compacto', 'Urbano prático', NULL, 29, 16, 1, 1, 10, 163, NOW(), NOW()),
(30, 'VEI030', 1, 1, 1, 1, 2, 2, 4, 1, '3.2', 2022, 2023, 'JKL7890', 0, '01234567890123458', '01234567892', 18000, 105000.00, 115000.00, 'SUV premium', 'Luxo e potência', NULL, 30, 19, 1, 1, 20, 273, NOW(), NOW()),
(31, 'VEI031', 1, 1, 1, 1, 1, 2, 4, 1, '1.6', 2020, 2021, 'MNO1234', 0, '12345678901234570', '12345678904', 32000, 47000.00, 53000.00, 'Médio conforto', 'Ar digital', NULL, 31, 12, 1, 1, 11, 168, NOW(), NOW()),
(32, 'VEI032', 3, 1, 1, 1, 1, 2, 4, 1, '1.4', 2018, 2019, 'PQR5678', 0, '23456789012345681', '23456789015', 44000, 36000.00, 41000.00, 'Turbo flex', 'Esportivo econômico', NULL, 32, 4, 1, 1, 11, 170, NOW(), NOW()),
(33, 'VEI033', 1, 2, 1, 1, 2, 2, 4, 1, '2.0', 2021, 2022, 'STU9012', 0, '34567890123456782', '34567890126', 25000, 62000.00, 69000.00, 'SUV automático', 'Inteligente conectado', NULL, 33, 8, 1, 1, 15, 228, NOW(), NOW()),
(34, 'VEI034', 2, 1, 1, 1, 1, 2, 2, 1, '1.0', 2017, 2018, 'VWX3456', 0, '45678901234567893', '45678901237', 56000, 25000.00, 30000.00, 'Compacto etanol', 'Econômico cidade', NULL, 34, 25, 1, 1, 1, 4, NOW(), NOW()),
(35, 'VEI035', 1, 1, 1, 1, 1, 2, 4, 1, '1.8', 2022, 2023, 'YZA7890', 0, '56789012345678904', '56789012348', 14000, 59000.00, 66000.00, 'Sedan moderno', 'Tecnologia embarcada', NULL, 35, 2, 1, 1, 12, 177, NOW(), NOW()),
(36, 'VEI036', 1, 1, 1, 1, 3, 5, 0, 1, '3.0', 2019, 2020, 'BCD1234', 0, '67890123456789015', '67890123459', 78000, 125000.00, 135000.00, 'Caminhão leve', 'Transporte urbano', NULL, 36, 5, 1, 1, 68, 1049, NOW(), NOW()),
(37, 'VEI037', 1, 2, 1, 1, 1, 2, 4, 1, '1.6', 2020, 2021, 'EFG5678', 0, '78901234567890126', '78901234570', 35000, 49000.00, 56000.00, 'Automático médio', 'Conforto urbano', NULL, 37, 11, 1, 1, 6, 121, NOW(), NOW()),
(38, 'VEI038', 3, 1, 1, 1, 1, 2, 4, 1, '1.4', 2018, 2019, 'HIJ9012', 0, '89012345678901237', '89012345681', 42000, 38000.00, 43000.00, 'Flex eficiente', 'Baixo consumo', NULL, 38, 17, 1, 1, 4, 129, NOW(), NOW()),
(39, 'VEI039', 1, 1, 1, 1, 2, 2, 4, 1, '2.2', 2021, 2022, 'KLM3456', 0, '90123456789012348', '90123456782', 26000, 72000.00, 79000.00, 'SUV diesel', 'Torque e economia', NULL, 39, 8, 1, 1, 16, 245, NOW(), NOW()),
(40, 'VEI040', 1, 1, 1, 1, 1, 10, 0, 1, '250', 2020, 2021, 'NOP7890', 0, '01234567890123459', '01234567893', 28000, 28000.00, 33000.00, 'Moto esportiva', 'Alta cilindrada', NULL, 40, 19, 1, 1, 46, 790, NOW(), NOW()),
(41, 'VEI041', 2, 2, 1, 1, 1, 2, 4, 1, '1.6', 2019, 2020, 'QRS1234', 0, '12345678901234571', '12345678905', 36000, 42000.00, 48000.00, 'Etanol automático', 'Praticidade urbana', NULL, 41, 15, 1, 1, 9, 154, NOW(), NOW()),
(42, 'VEI042', 1, 1, 1, 1, 1, 2, 2, 1, '1.0', 2022, 2023, 'TUV5678', 0, '23456789012345682', '23456789016', 12000, 34000.00, 39000.00, 'Hatch novo', 'Primeiro ano modelo', NULL, 42, 1, 1, 1, 1, 5, NOW(), NOW()),
(43, 'VEI043', 1, 1, 1, 1, 2, 2, 4, 1, '2.4', 2020, 2021, 'WXY9012', 0, '34567890123456783', '34567890127', 33000, 68000.00, 75000.00, 'Pick-up média', 'Trabalho e lazer', NULL, 43, 12, 1, 1, 5, 94, NOW(), NOW()),
(44, 'VEI044', 3, 1, 1, 1, 1, 2, 4, 1, '1.8', 2018, 2019, 'ZAB3456', 0, '45678901234567894', '45678901238', 45000, 40000.00, 46000.00, 'Sedan flex', 'Conforto e economia', NULL, 44, 2, 1, 1, 5, 95, NOW(), NOW()),
(45, 'VEI045', 1, 2, 1, 1, 1, 2, 4, 1, '1.4', 2021, 2022, 'CDE7890', 0, '56789012345678905', '56789012349', 22000, 41000.00, 47000.00, 'Turbo automático', 'Performance urbana', NULL, 45, 8, 1, 1, 3, 50, NOW(), NOW()),
(46, 'VEI046', 1, 1, 1, 1, 2, 2, 4, 1, '3.5', 2022, 2023, 'FGH1234', 0, '67890123456789016', '67890123460', 15000, 115000.00, 125000.00, 'SUV premium V6', 'Máximo luxo', NULL, 46, 19, 1, 1, 28, 518, NOW(), NOW()),
(47, 'VEI047', 1, 1, 1, 1, 1, 2, 2, 1, '1.6', 2019, 2020, 'IJK5678', 0, '78901234567890127', '78901234571', 39000, 39000.00, 45000.00, 'Hatch médio', 'Versátil', NULL, 47, 26, 1, 1, 8, 150, NOW(), NOW()),
(48, 'VEI048', 2, 1, 1, 1, 1, 2, 4, 1, '1.8', 2020, 2021, 'LMN9012', 0, '89012345678901238', '89012345682', 31000, 51000.00, 58000.00, 'Etanol premium', 'Tecnologia flex', NULL, 48, 12, 1, 1, 10, 164, NOW(), NOW()),
(49, 'VEI049', 1, 2, 1, 1, 1, 2, 4, 1, '1.2', 2017, 2018, 'OPQ3456', 0, '90123456789012349', '90123456783', 58000, 29000.00, 35000.00, 'Automático básico', 'Entrada premium', NULL, 49, 5, 1, 1, 4, 130, NOW(), NOW()),
(50, 'VEI050', 1, 1, 1, 1, 2, 2, 4, 1, '2.8', 2021, 2022, 'RST7890', 0, '01234567890123460', '01234567894', 23000, 89000.00, 98000.00, 'SUV grande', 'Família numerosa', NULL, 50, 8, 1, 1, 20, 274, NOW(), NOW());

-- ====================================================================
-- 5. TAREFAS (2 registros)
-- ====================================================================
INSERT INTO tarefas (id, titulo, descricao, status, prioridade, data_criacao, data_vencimento, data_conclusao, responsavel_id, data_cadastro, data_alteracao) VALUES
(1, 'Revisar estoque de veículos em pátio', 'Fazer levantamento completo de todos os veículos no pátio, verificar documentação e condições gerais', 1, 2, '2024-09-01 08:00:00', '2024-09-18 18:00:00', NULL, 1, NOW(), NOW()),
(2, 'Campanha de vendas setembro', 'Organizar campanha promocional para o mês de setembro com foco em veículos 2018-2019, definir descontos e estratégias de marketing', 1, 3, '2024-09-10 09:30:00', '2024-09-25 17:00:00', NULL, 2, NOW(), NOW());

-- ====================================================================
-- 6. VENDAS (5 veículos escolhidos aleatoriamente - 2 com parcelas)
-- ====================================================================

INSERT INTO vendas (id, valor_venda, valor_entrada, numero_parcelas, forma_pagamento, status, observacoes, data_venda, cliente_id, veiculo_id, vendedor_id, data_cadastro, data_alteracao) VALUES
(1, 48000.00, 48000.00, NULL, 1, 2, 'Pagamento à vista com desconto especial', '2024-09-15 10:30:00', 15, 3, 1, NOW(), NOW()),
(2, 39000.00, 9000.00, 12, 3, 2, 'Financiamento 12x - cliente aprovado', '2024-09-14 14:15:00', 8, 17, 2, NOW(), NOW()),
(3, 62000.00, 62000.00, NULL, 2, 2, 'Pagamento via transferência bancária', '2024-09-16 16:45:00', 3, 25, 3, NOW(), NOW()),
(4, 53000.00, 13000.00, 18, 3, 2, 'Financiamento 18x - taxa especial', '2024-09-13 11:20:00', 22, 31, 1, NOW(), NOW()),
(5, 39000.00, 39000.00, NULL, 4, 2, 'Pagamento em dinheiro - desconto à vista', '2024-09-17 09:10:00', 35, 42, 2, NOW(), NOW());

-- ====================================================================
-- 7. PARCELAS (Para as vendas 2 e 4 que possuem parcelamento)
-- ====================================================================

INSERT INTO parcelas (id, venda_id, numero_parcela, valor, data_vencimento, valor_pago, data_pagamento, status, observacoes, data_cadastro, data_alteracao) VALUES
(1, 2, 1, 2500.00, '2024-10-15', NULL, NULL, 1, 'Primeira parcela', NOW(), NOW()),
(2, 2, 2, 2500.00, '2024-11-15', NULL, NULL, 1, 'Segunda parcela', NOW(), NOW()),
(3, 2, 3, 2500.00, '2024-12-15', NULL, NULL, 1, 'Terceira parcela', NOW(), NOW()),
(4, 2, 4, 2500.00, '2025-01-15', NULL, NULL, 1, 'Quarta parcela', NOW(), NOW()),
(5, 2, 5, 2500.00, '2025-02-15', NULL, NULL, 1, 'Quinta parcela', NOW(), NOW()),
(6, 2, 6, 2500.00, '2025-03-15', NULL, NULL, 1, 'Sexta parcela', NOW(), NOW()),
(7, 2, 7, 2500.00, '2025-04-15', NULL, NULL, 1, 'Sétima parcela', NOW(), NOW()),
(8, 2, 8, 2500.00, '2025-05-15', NULL, NULL, 1, 'Oitava parcela', NOW(), NOW()),
(9, 2, 9, 2500.00, '2025-06-15', NULL, NULL, 1, 'Nona parcela', NOW(), NOW()),
(10, 2, 10, 2500.00, '2025-07-15', NULL, NULL, 1, 'Décima parcela', NOW(), NOW()),
(11, 2, 11, 2500.00, '2025-08-15', NULL, NULL, 1, 'Décima primeira parcela', NOW(), NOW()),
(12, 2, 12, 2500.00, '2025-09-15', NULL, NULL, 1, 'Décima segunda parcela', NOW(), NOW()),
(13, 4, 1, 2222.22, '2024-10-13', NULL, NULL, 1, 'Primeira parcela', NOW(), NOW()),
(14, 4, 2, 2222.22, '2024-11-13', NULL, NULL, 1, 'Segunda parcela', NOW(), NOW()),
(15, 4, 3, 2222.22, '2024-12-13', NULL, NULL, 1, 'Terceira parcela', NOW(), NOW()),
(16, 4, 4, 2222.22, '2025-01-13', NULL, NULL, 1, 'Quarta parcela', NOW(), NOW()),
(17, 4, 5, 2222.22, '2025-02-13', NULL, NULL, 1, 'Quinta parcela', NOW(), NOW()),
(18, 4, 6, 2222.22, '2025-03-13', NULL, NULL, 1, 'Sexta parcela', NOW(), NOW()),
(19, 4, 7, 2222.22, '2025-04-13', NULL, NULL, 1, 'Sétima parcela', NOW(), NOW()),
(20, 4, 8, 2222.22, '2025-05-13', NULL, NULL, 1, 'Oitava parcela', NOW(), NOW()),
(21, 4, 9, 2222.22, '2025-06-13', NULL, NULL, 1, 'Nona parcela', NOW(), NOW()),
(22, 4, 10, 2222.22, '2025-07-13', NULL, NULL, 1, 'Décima parcela', NOW(), NOW()),
(23, 4, 11, 2222.22, '2025-08-13', NULL, NULL, 1, 'Décima primeira parcela', NOW(), NOW()),
(24, 4, 12, 2222.22, '2025-09-13', NULL, NULL, 1, 'Décima segunda parcela', NOW(), NOW()),
(25, 4, 13, 2222.22, '2025-10-13', NULL, NULL, 1, 'Décima terceira parcela', NOW(), NOW()),
(26, 4, 14, 2222.22, '2025-11-13', NULL, NULL, 1, 'Décima quarta parcela', NOW(), NOW()),
(27, 4, 15, 2222.22, '2025-12-13', NULL, NULL, 1, 'Décima quinta parcela', NOW(), NOW()),
(28, 4, 16, 2222.22, '2026-01-13', NULL, NULL, 1, 'Décima sexta parcela', NOW(), NOW()),
(29, 4, 17, 2222.22, '2026-02-13', NULL, NULL, 1, 'Décima sétima parcela', NOW(), NOW()),
(30, 4, 18, 2222.24, '2026-03-13', NULL, NULL, 1, 'Décima oitava parcela (ajuste centavos)', NOW(), NOW());

-- ====================================================================
-- 8. ATUALIZAÇÃO DO STATUS DOS VEÍCULOS VENDIDOS
-- ====================================================================
UPDATE veiculos SET situacao = 3, data_saida = NOW() WHERE id IN (SELECT veiculo_id FROM vendas);